node_id,name,x_coord,y_coord,z_coord,node_type,ctrl_type,zone_id,parent_node_id
1,,1523373.0,1003235.0,,,none,1,
2,,1523873.0,1003225.0,,,none,2,
3,,1524263.0,1003205.0,,,none,3,
4,,1524224.0,1002265.0,,,none,4,
5,,1523854.0,1002765.0,,,none,5,
6,,1523354.0,1002745.0,,,none,6,
7,,1523324.0,1002284.0,,,none,7,
8,,1523844.0,1002275.0,,,none,8,
9,,1524695.0,1001515.0,,,none,9,
10,,1523804.0,1001755.0,,,none,10,
11,,1523374.0,1001765.0,,,none,11,
12,,1523304.0,1001264.0,,,none,12,
13,,1523815.0,1001245.0,,,none,13,
14,,1523402.0,1004955.0,,,none,14,
15,,1523952.454,1004620.162,,,none,15,
16,,1522041.0,1011125.0,,,none,16,
17,,1523748.0,1012078.0,,,none,17,
18,,1511204.0,1011999.0,,,none,18,
19,,1523309.0,1009956.0,,,none,19,
20,,1524720.0,1009927.0,,,none,20,
21,,1524681.0,1007287.0,,,none,21,
22,,1523211.0,1007546.0,,,none,22,
23,,1522100.0,1007725.0,,,none,23,
24,,1514001.0,1019473.0,,,none,24,
25,,1520931.0,1021918.0,,,none,25,
26,,1525292.0,1022231.0,,,none,26,
27,,1530894.0,1021975.0,,,none,27,
28,,1524925.0,1016980.0,,,none,28,
29,,1520967.0,1017101.0,,,none,29,
30,,1507425.0,1024921.0,,,none,30,
31,,1513827.0,1024725.0,,,none,31,
32,,1519421.348,1027000.82,,,none,32,
33,,1528420.0,1027515.0,,,none,33,
34,,1525423.0,1005196.0,,,none,34,
35,,1525674.0,1003396.0,,,none,35,
36,,1526310.0,1010389.0,,,none,36,
37,,1525471.0,1007787.0,,,none,37,
38,,1527361.0,1007748.0,,,none,38,
39,,1530722.073,1010795.08,,,none,39,
40,,1529813.0,1006220.0,,,none,40,
41,,1508488.0,1001637.0,,,none,41,
42,,1528345.0,1003328.0,,,none,42,
43,,1529627.0,1016182.0,,,none,43,
44,,1537870.0,1013607.0,,,none,44,
45,,1541263.0,1011698.0,,,none,45,
46,,1538323.502,1007384.282,,,none,46,
47,,1537052.0,1025750.0,,,none,47,
48,,1547583.0,1027882.0,,,none,48,
49,,1550594.0,1022186.0,,,none,49,
50,,1550372.0,1016409.0,,,none,50,
51,,1550657.0,1011827.0,,,none,51,
52,,1543746.0,1005428.0,,,none,52,
53,,1525964.0,1002456.0,,,none,53,
54,,1524945.0,1001756.0,,,none,54,
55,,1526576.0,1000136.0,,,none,55,
56,,1527987.0,999027.0,,,none,56,
57,,1529216.0,1002028.0,,,none,57,
58,,1530866.0,999978.0,,,none,58,
59,,1528828.0,1000599.0,,,none,59,
60,,1529628.0,997957.0,,,none,60,
61,,1530919.0,997728.0,,,none,61,
62,,1530110.0,994476.0,,,none,62,
63,,1534967.0,998908.0,,,none,63,
64,,1545740.0,1001048.0,,,none,64,
65,,1544813.0,995175.0,,,none,65,
66,,1534063.084,998195.062,,,none,66,
67,,1532629.0,996816.0,,,none,67,
68,,1536999.0,997172.0,,,none,68,
69,,1533814.0,990698.0,,,none,69,
70,,1544886.0,989303.0,,,none,70,
71,,1551650.0,1002132.0,,,none,71,
72,,1550957.567,993231.938,,,none,72,
73,,1549142.0,981383.0,,,none,73,
74,,1523795.0,1000815.0,,,none,74,
75,,1524505.0,1000835.0,,,none,75,
76,,1523896.0,999420.0,,,none,76,
77,,1524016.0,997682.0,,,none,77,
78,,1526554.0,997415.0,,,none,78,
79,,1527270.0,994835.0,,,none,79,
80,,1524669.0,994923.0,,,none,80,
81,,1524121.0,992095.0,,,none,81,
82,,1524230.643,989624.25,,,none,82,
83,,1526921.0,990858.0,,,none,83,
84,,1529873.0,988602.0,,,none,84,
85,,1524997.0,982880.0,,,none,85,
86,,1530660.0,979992.0,,,none,86,
87,,1535529.0,982777.0,,,none,87,
88,,1540821.0,979579.0,,,none,88,
89,,1525265.0,969027.0,,,none,89,
90,,1533338.0,972945.0,,,none,90,
91,,1548642.553,971686.688,,,none,91,
92,,1523285.0,1000764.0,,,none,92,
93,,1523306.0,999424.0,,,none,93,
94,,1522083.0,999061.0,,,none,94,
95,,1520116.0,997501.0,,,none,95,
96,,1522097.0,997292.0,,,none,96,
97,,1523342.0,997697.0,,,none,97,
98,,1522173.0,994087.0,,,none,98,
99,,1521724.0,992769.0,,,none,99,
100,,1518308.0,993869.0,,,none,100,
101,,1511720.0,988604.0,,,none,101,
102,,1509143.0,983200.0,,,none,102,
103,,1517101.0,987986.0,,,none,103,
104,,1519133.0,986857.0,,,none,104,
105,,1506435.0,978807.0,,,none,105,
106,,1512856.0,978801.0,,,none,106,
107,,1518350.0,974704.0,,,none,107,
108,,1520493.0,1001822.0,,,none,108,
109,,1522624.0,1001774.0,,,none,109,
110,,1521875.0,1000633.0,,,none,110,
111,,1520444.0,1000482.0,,,none,111,
112,,1513412.0,1001708.0,,,none,112,
113,,1516817.0,1001525.0,,,none,113,
114,,1517404.0,999920.0,,,none,114,
115,,1514293.0,999968.0,,,none,115,
116,,1514264.0,997838.0,,,none,116,
117,,1508281.0,1000714.0,,,none,117,
118,,1509462.0,1000025.0,,,none,118,
119,,1512160.82,994008.525,,,none,119,
120,,1508885.0,994663.0,,,none,120,
121,,1506743.03,990864.869,,,none,121,
122,,1502729.852,993094.412,,,none,122,
123,,1506541.825,984781.791,,,none,123,
124,,1493295.0,990622.0,,,none,124,
125,,1498545.0,992005.0,,,none,125,
126,,1502039.24,987256.053,,,none,126,
127,,1494239.0,985210.0,,,none,127,
128,,1493163.0,978948.0,,,none,128,
129,,1496386.0,974539.0,,,none,129,
130,,1520461.0,1005413.0,,,none,130,
131,,1522022.0,1004954.0,,,none,131,
132,,1522266.361,1003284.835,,,none,132,
133,,1520402.0,1003953.0,,,none,133,
134,,1519317.966,1002619.051,,,none,134,
135,,1522614.0,1002264.0,,,none,135,
136,,1513047.0,1008300.0,,,none,136,
137,,1518079.0,1007573.0,,,none,137,
138,,1520223.0,1007508.0,,,none,138,
139,,1516876.0,1004903.0,,,none,139,
140,,1514370.0,1005280.0,,,none,140,
141,,1511498.0,1006068.0,,,none,141,
142,,1511051.0,1001837.0,,,none,142,
143,,1513487.0,1003354.0,,,none,143,
144,,1516742.0,1002763.0,,,none,144,
145,,1507835.0,1014080.0,,,none,145,
146,,1514975.206,1014624.498,,,none,146,
147,,1512669.0,1011350.0,,,none,147,
148,,1510425.0,1008369.0,,,none,148,
149,,1504634.0,1011825.0,,,none,380,
150,,1508498.0,1004706.0,,,none,150,
151,,1504447.0,1005152.0,,,none,151,
152,,1498810.326,998699.673,,,none,152,
153,,1493132.0,1024031.0,,,none,153,
154,,1500864.0,1022956.0,,,none,154,
155,,1508880.0,1018310.0,,,none,155,
156,,1500176.0,1019155.0,,,none,156,
157,,1496266.0,1020572.0,,,none,157,
158,,1496551.0,1020036.0,,,none,158,
159,,1497174.423,1019677.708,,,none,159,
160,,1499832.0,1012662.0,,,none,160,
161,,1494010.0,1013678.0,,,none,161,
162,,1492708.998,1002454.097,,,none,162,
163,,1521922.0,1012442.0,,,none,163,
164,,1518555.0,1009867.0,,,none,164,
165,,1519010.0,1014699.0,,,none,165,
166,,1529243.0,1011435.0,,,none,166,
167,,1528933.0,1008375.0,,,none,167,
168,,1532737.0,1009819.0,,,none,168,
169,,1530044.0,1000237.0,,,none,169,
170,,1529329.0,998892.0,,,none,170,
171,,1528411.0,999650.0,,,none,171,
172,,1538304.0,1000591.0,,,none,172,
173,,1533576.0,1001964.0,,,none,173,
174,,1536019.0,997951.0,,,none,174,
175,,1520519.0,1001353.0,,,none,175,
176,,1519003.0,1001374.0,,,none,176,
177,,1519014.0,1001865.0,,,none,177,
178,,1521680.0,1001824.0,,,none,178,
179,,1521696.0,1001328.0,,,none,179,
180,,1522597.0,1001270.0,,,none,180,
181,,1521839.0,1003756.0,,,none,181,
182,,1522673.0,1003270.0,,,none,182,
183,,1519004.0,1004492.0,,,none,183,
184,,1520839.0,1002677.0,,,none,184,
185,,1521740.0,1002307.0,,,none,185,
186,,1521698.0,1002775.0,,,none,186,
187,,1522629.0,1002765.0,,,none,187,
188,,1515278.0,1001645.0,,,none,188,
189,,1517751.0,1001520.0,,,none,189,
190,,1517800.0,1002789.0,,,none,190,
191,,1515349.0,1002886.0,,,none,191,
192,,1506246.0,999375.0,,,none,192,
193,,1511262.0,998400.0,,,none,193,
194,,1512681.0,1006128.0,,,none,140,
195,,1511278.0,1004030.0,,,none,34,
196,,1506376.073,1014543.536,,,none,196,
197,,1508000.305,1016320.637,,,none,197,
198,,1514904.0,1011161.0,,,none,198,
199,,1510920.0,1009474.0,,,none,199,
200,,1511385.846,1010433.479,,,none,200,
201,,1507885.654,1011791.895,,,none,201,
202,,1508442.0,1012178.0,,,none,202,
203,,1506281.0,1004772.0,,,none,203,
204,,1524898.0,987527.0,,,none,204,
205,,1536008.0,1018055.0,,,none,205,
206,,1511367.0,1007072.0,,,none,206,
207,,1510286.0,1006904.0,,,none,207,
208,,1512912.682,1007279.711,,,none,208,
209,,1487974.305,988900.0,,,none,209,
210,,1480197.212,987848.188,,,none,210,
211,,1488420.531,994924.063,,,none,211,
212,,1480197.212,995561.563,,,none,212,
213,,1480420.326,1003466.137,,,none,213,
214,,1471910.146,987274.5,,,none,214,
215,,1467001.653,994350.375,,,none,215,
216,,1470762.706,1001713.104,,,none,216,
217,,1461360.074,991832.375,,,none,217,
218,,1457216.541,985935.813,,,none,218,
219,,1455718.494,990270.563,,,none,219,
220,,1457471.528,993553.563,,,none,220,
221,,1455973.481,992437.938,,,none,221,
222,,1453141.783,990966.563,,,none,222,
223,,1454705.609,993331.438,,,none,223,
224,,1447610.285,986194.312,,,none,224,
225,,1447031.828,991520.938,,,none,225,
226,,1450767.698,995835.25,,,none,226,
227,,1488415.628,1009453.087,,,none,227,
228,,1481401.833,1009573.599,,,none,228,
229,,1488512.037,1016563.292,,,none,229,
230,,1481498.243,1015984.834,,,none,230,
231,,1468850.307,1009171.463,,,none,231,
232,,1463252.735,1007597.203,,,none,232,
233,,1471110.113,1015599.196,,,none,233,
234,,1463686.578,1016852.52,,,none,234,
235,,1489017.276,1021632.838,,,none,235,
236,,1488029.99,1027843.209,,,none,236,
237,,1483175.385,1024552.086,,,none,237,
238,,1477498.629,1026528.325,,,none,238,
239,,1479308.0,1021805.696,,,none,239,
240,,1465726.332,1026506.74,,,none,240,
241,,1457126.976,1006098.485,,,none,241,
242,,1449335.538,1005611.52,,,none,242,
243,,1456330.124,1014731.044,,,none,243,
244,,1449025.651,1013934.192,,,none,244,
245,,1456595.741,1021769.899,,,none,245,
246,,1447431.948,1023850.568,,,none,246,
247,,1457038.436,1028366.06,,,none,247,
248,,1447653.295,1027702.017,,,none,248,
249,,1456949.441,1034087.083,,,none,249,
250,,1458199.832,1037163.046,,,none,250,
251,,1457974.762,1039488.774,,,none,251,
252,,1456321.892,1041152.489,,,none,252,
253,,1457128.213,1040925.525,,,none,253,
254,,1457152.103,1041684.063,,,none,254,
255,,1458083.852,1040877.743,,,none,255,
256,,1458053.988,1041654.2,,,none,256,
257,,1458943.927,1040495.487,,,none,257,
258,,1458872.254,1040877.743,,,none,258,
259,,1458866.281,1041277.917,,,none,259,
260,,1458812.526,1041911.028,,,none,260,
261,,1455814.209,1043446.023,,,none,261,
262,,1458114.693,1043515.333,,,none,262,
263,,1460317.658,1045387.164,,,none,263,
264,,1462909.828,1044598.762,,,none,264,
265,,1460580.458,1043356.432,,,none,265,
266,,1459476.965,1041917.109,,,none,266,
267,,1460175.083,1041908.544,,,none,267,
268,,1459451.267,1041300.367,,,none,268,
269,,1460192.214,1041313.216,,,none,269,
270,,1459472.682,1040846.376,,,none,270,
271,,1460200.78,1040850.659,,,none,271,
272,,1459438.418,1040490.893,,,none,272,
273,,1460008.048,1040503.742,,,none,273,
274,,1461853.992,1041518.797,,,none,274,
275,,1463892.668,1041664.416,,,none,275,
276,,1463644.258,1040362.405,,,none,276,
277,,1463070.345,1040156.824,,,none,277,
278,,1461151.591,1040636.513,,,none,278,
279,,1460449.19,1039711.399,,,none,279,
280,,1461742.636,1038632.1,,,none,280,
281,,1459858.146,1037672.724,,,none,281,
282,,1461442.831,1037467.143,,,none,282,
283,,1461977.522,1034300.286,,,none,283,
284,,1470187.653,1033188.273,,,none,284,
285,,1470063.416,1036611.68,,,none,285,
286,,1466032.631,1040559.64,,,none,286,
287,,1464845.482,1043831.202,,,none,287,
288,,1470229.065,1042892.526,,,none,288,
289,,1474342.674,1035355.51,,,none,289,
290,,1478180.203,1035438.335,,,none,290,
291,,1476689.364,1043417.081,,,none,291,
292,,1485634.394,1042091.891,,,none,292,
293,,1484971.8,1034554.875,,,none,293,
294,,1494827.322,1031922.457,,,none,294,
295,,1501086.409,1040031.397,,,none,295,
296,,1504051.241,1040715.588,,,none,296,
297,,1508688.54,1032986.755,,,none,297,
298,,1510715.775,1042768.164,,,none,298,
299,,1519990.375,1040588.886,,,none,299,
300,,1524896.283,1031349.763,,,none,300,
301,,1526249.463,1038004.162,,,none,301,
302,,1529774.36,1034784.671,,,none,302,
303,,1533855.432,1032209.807,,,none,303,
304,,1533243.423,1040132.758,,,none,304,
305,,1527567.165,1052448.211,,,none,305,
306,,1536385.637,1053157.743,,,none,306,
307,,1543785.045,1058986.043,,,none,307,
308,,1544950.705,1050471.656,,,none,308,
309,,1552603.517,1051079.827,,,none,309,
310,,1544950.705,1040234.12,,,none,310,
311,,1544038.449,1031719.734,,,none,311,
312,,1551843.304,1040386.163,,,none,312,
313,,1555407.748,1030028.895,,,none,313,
314,,1563155.909,1029745.426,,,none,314,
315,,1558893.303,1034520.556,,,none,315,
316,,1560675.825,1035752.686,,,none,316,
317,,1562251.949,1034651.9,,,none,317,
318,,1565254.091,1035602.578,,,none,318,
319,,1567130.43,1039980.702,,,none,319,
320,,1564603.627,1042307.362,,,none,320,
321,,1557498.558,1036803.435,,,none,321,
322,,1557266.157,1050725.061,,,none,322,
323,,1565479.252,1051063.609,,,none,323,
324,,1556172.612,1061821.284,,,none,324,
325,,1565379.18,1061971.391,,,none,325,
326,,1576136.856,1063522.498,,,none,326,
327,,1573885.249,1058368.821,,,none,327,
328,,1579939.569,1060120.071,,,none,328,
329,,1578588.605,1057818.428,,,none,329,
330,,1581908.346,1057891.786,,,none,330,
331,,1583117.684,1059335.189,,,none,331,
332,,1584970.701,1061227.216,,,none,332,
333,,1585653.391,1057638.215,,,none,333,
334,,1585321.798,1055219.54,,,none,334,
335,,1584502.57,1056370.361,,,none,335,
336,,1582883.618,1057599.204,,,none,336,
337,,1581966.862,1055902.231,,,none,337,
338,,1582496.841,1054609.735,,,none,338,
339,,1576195.626,1051562.953,,,none,339,
340,,1584146.907,1051262.274,,,none,340,
341,,1576629.94,1041206.243,,,none,341,
342,,1583979.863,1040538.068,,,none,342,
343,,1578872.333,1029656.74,,,none,343,
344,,1557577.966,1017935.498,,,none,344,
345,,1559492.591,1013312.379,,,none,345,
346,,1565143.07,1014760.023,,,none,346,
347,,1564442.597,1022371.825,,,none,347,
348,,1574622.799,1023866.166,,,none,348,
349,,1578685.54,1017888.8,,,none,349,
350,,1578498.747,1011537.849,,,none,350,
351,,1578265.256,1006120.861,,,none,351,
352,,1567217.961,1009275.259,,,none,352,
353,,1568795.022,1006878.579,,,none,353,
354,,1566353.122,1008122.14,,,none,354,
355,,1558145.622,1007014.24,,,none,355,
356,,1559448.321,1000130.716,,,none,356,
357,,1562147.626,995663.938,,,none,357,
358,,1578311.999,1000353.515,,,none,358,
359,,1579331.371,995618.687,,,none,359,
360,,1575445.505,989008.5,,,none,360,
361,,1581791.777,986789.438,,,none,361,
362,,1573223.07,984285.812,,,none,362,
363,,1572976.133,989841.938,,,none,363,
364,,1566061.89,985736.562,,,none,364,
365,,1556431.338,990088.875,,,none,365,
366,,1558269.166,985104.5,,,none,366,
367,,1557045.204,984061.063,,,none,367,
368,,1556414.651,970595.688,,,none,368,
369,,1564026.318,969962.375,,,none,369,
370,,1562135.936,975656.0,,,none,370,
371,,1564453.905,980697.0,,,none,371,
372,,1574896.016,974058.188,,,none,372,
373,,1582817.617,970277.438,,,none,373,
374,,1587471.144,1058835.099,,,none,374,
375,,1587388.951,1055115.851,,,none,375,
376,,1589258.849,1056862.459,,,none,376,
377,,1591005.457,1055259.69,,,none,377,
378,,1549988.305,1005585.04,,,none,378,
379,,1499110.175,1015999.815,,,none,379,
380,,1503223.151,1014791.948,,,none,380,
381,,1504216.799,1014811.056,,,none,381,
382,,1513271.994,1009108.864,,,none,382,
383,,1514503.504,1006636.228,,,none,383,
384,,1517893.599,1005471.779,,,none,384,
385,,1520707.915,1010629.439,,,none,385,
386,,1513699.205,972805.568,,,none,386,
387,,1506960.691,987906.056,,,none,387,
388,,1502549.957,984191.754,,,none,388,
389,,1512645.99,1013081.041,,,none,389,
390,,1532738.994,1003764.173,,,none,390,
391,,1536892.297,1004886.687,,,none,391,
392,,1542420.679,999442.494,,,none,392,
393,,1513108.181,983833.798,,,none,393,
394,,1509391.713,996378.909,,,none,394,
395,,1502721.544,999251.463,,,none,395,
440,,1543322.255,966083.563,,,none,0,
441,,1527302.703,965625.25,,,none,0,
442,,1522274.0,970275.0,,,none,0,
443,,1521323.0,971005.0,,,none,0,
444,,1515467.123,970736.062,,,none,0,
445,,1515013.0,971522.0,,,none,0,
446,,1510372.0,971440.0,,,none,0,
447,,1495696.325,971475.812,,,none,0,
448,,1476486.949,981648.606,,,none,0,
449,,1469412.599,981692.875,,,none,0,
450,,1464134.614,981536.875,,,none,0,
451,,1450774.919,981966.438,,,none,0,
452,,1440552.679,988790.875,,,none,0,
453,,1440418.787,994272.75,,,none,0,
454,,1440149.796,1001938.962,,,none,0,
455,,1441521.711,1025865.924,,,none,0,
456,,1441730.922,1031245.625,,,none,0,
457,,1453715.699,1032620.437,,,none,0,
458,,1455254.23,1039980.263,,,none,0,
459,,1454608.033,1042691.016,,,none,0,
460,,1456058.912,1044853.062,,,none,0,
461,,1459277.642,1047669.45,,,none,0,
462,,1462207.013,1047869.082,,,none,0,
463,,1463686.461,1047667.339,,,none,0,
464,,1480802.979,1047760.472,,,none,0,
465,,1501299.948,1047177.7,,,none,0,
466,,1515329.815,1047409.054,,,none,0,
467,,1534565.446,1063067.043,,,none,0,
468,,1539209.433,1063092.531,,,none,0,
469,,1560629.06,1067992.873,,,none,0,
470,,1581616.068,1067879.162,,,none,0,
471,,1586977.272,1068073.203,,,none,0,
472,,1588073.377,1061114.363,,,none,0,
473,,1592762.945,1058564.938,,,none,0,
474,,1593346.365,1056731.332,,,none,0,
475,,1588652.7,1035375.691,,,none,0,
476,,1588679.005,1033227.841,,,none,0,
477,,1589179.079,1014225.018,,,none,0,
478,,1588556.577,1003525.709,,,none,0,
479,,1588995.849,998210.5,,,none,0,
480,,1573593.431,964551.0,,,none,0,
481,,1559674.697,964634.313,,,none,0,
482,,1539567.07,968140.0,,,none,91,
483,,1532644.425,968536.938,,,none,90,
484,,1485350.555,981484.875,,,none,0,
485,,1471402.543,1047848.327,,,none,0,
486,,1499999.197,1046662.29,,,none,0,
487,,1549944.505,1062783.599,,,none,0,
488,,1571029.595,1067659.526,,,none,0,
489,,1588178.931,1045646.352,,,none,0,
490,,1588732.286,1008884.837,,,none,0,
491,,1587282.686,987580.125,,,none,0,
492,,1585355.231,967341.812,,,none,373,
493,,1564727.996,1035650.288,,,none,318,
100000,,1522861.781,1002980.753,,,signal,187,
100001,,1523125.909,1002977.873,,,signal,187,
100002,,1523448.678,1002967.757,,,none,6,
100003,,1523664.226,1002961.008,,,signal,6,
100004,,1523854.344,1002961.414,,,none,5,
100005,,1524144.13,1002964.145,,,none,5,
100006,,1524436.415,1002954.583,,,signal,4,
100007,,1524141.299,1002763.839,,,none,5,
100008,,1523666.177,1002777.952,,,none,6,
100009,,1523129.0,1002769.0,,,none,187,
100010,,1522429.208,1002522.668,,,signal,185,
100011,,1522640.668,1002519.222,,,none,135,
100012,,1522860.615,1002510.608,,,signal,135,
100013,,1523129.157,1002506.191,,,signal,135,
100014,,1523334.0,1002515.0,,,none,7,
100015,,1523114.076,1000561.377,,,none,110,
100016,,1523654.898,1002498.662,,,signal,7,
100017,,1523854.0,1002505.0,,,none,8,
100018,,1524130.718,1002489.844,,,none,8,
100019,,1524431.11,1002483.782,,,2_stop,4,
100020,,1524428.253,1002274.606,,,none,4,
100021,,1524128.379,1002273.724,,,none,8,
100022,,1523656.769,1002284.014,,,none,7,
100023,,1523123.576,1002307.867,,,none,135,
100024,,1522864.0,1002264.0,,,none,135,
100025,,1522426.067,1002263.968,,,none,185,
100026,,1522421.055,1002003.079,,,signal,178,
100027,,1522645.373,1002001.764,,,none,109,
100028,,1522858.975,1001998.192,,,signal,109,
100029,,1523129.179,1001993.382,,,signal,109,
100030,,1523341.59,1001992.355,,,none,11,
100032,,1523783.803,1001983.927,,,none,10,
100033,,1524119.797,1001984.154,,,signal,10,
100034,,1524425.635,1001987.837,,,signal,9,
100035,,1524113.746,1001766.444,,,none,10,
100036,,1523628.544,1001775.964,,,none,11,
100037,,1523124.0,1001764.0,,,none,109,
100038,,1522854.0,1001754.0,,,none,109,
100039,,1522411.434,1001766.444,,,none,178,
100040,,1522413.235,1001517.745,,,2_stop,179,
100041,,1522603.035,1001517.234,,,none,180,
100042,,1522847.225,1001509.648,,,signal,180,
100043,,1523118.317,1001507.738,,,none,180,
100044,,1523318.069,1001507.826,,,none,12,
100045,,1523632.15,1001499.692,,,signal,12,
100046,,1523816.711,1001498.418,,,none,13,
100047,,1524108.588,1001493.413,,,none,13,
100048,,1524415.115,1001488.701,,,none,9,
100049,,1524108.369,1001263.209,,,none,13,
100050,,1523628.544,1001267.913,,,none,12,
100051,,1523115.789,1001272.617,,,none,180,
100052,,1522403.22,1001002.564,,,signal,110,
100053,,1522836.717,1000997.392,,,none,110,
100054,,1523112.229,1000994.309,,,none,110,
100055,,1523318.069,1000995.071,,,none,92,
100056,,1523621.67,1000988.163,,,signal,92,
100057,,1523807.302,1000985.663,,,none,74,
100058,,1524097.022,1000982.633,,,none,74,
100059,,1524404.548,1000987.015,,,none,75,
100060,,1524701.253,1000990.863,,,none,75,
100061,,1524400.879,1000837.602,,,none,75,
100062,,1523604.01,1000761.589,,,none,92,
100063,,1523106.381,1000783.384,,,none,110,
100064,,1522396.801,1000625.066,,,none,110,
100065,,1522382.659,999911.375,,,none,94,
100066,,1522848.637,1000094.391,,,none,94,
100067,,1523128.685,1000096.33,,,4_stop,94,
100068,,1523323.561,1000098.277,,,none,93,
100069,,1523599.214,1000099.259,,,2_stop,93,
100070,,1523986.926,1000098.277,,,none,76,
100071,,1524386.117,1000104.6,,,2_stop,76,
100072,,1524350.674,999417.688,,,none,76,
100073,,1523599.023,999417.688,,,none,93,
100074,,1523133.095,999440.563,,,none,93,
100075,,1522821.795,999240.938,,,none,94,
100076,,1522813.503,998448.375,,,none,96,
100077,,1523100.659,998443.625,,,none,96,
100078,,1523290.754,998448.75,,,none,97,
100079,,1523569.821,998445.813,,,signal,97,
100080,,1524017.925,998450.875,,,none,77,
100081,,1524351.18,998448.375,,,signal,77,
100082,,1525231.805,998451.313,,,signal,78,
100083,,1526981.399,998456.875,,,signal,78,
100084,,1527768.576,998459.375,,,none,78,
100085,,1529792.09,998449.0,,,none,60,
100086,,1525223.183,1000093.404,,,2_stop,55,
100087,,1526582.342,1001105.549,,,none,55,
100088,,1525241.945,1000949.207,,,signal,55,
100089,,1525279.708,1001733.626,,,none,54,
100090,,1525714.996,1002004.352,,,none,54,
100091,,1525296.352,1001986.25,,,signal,53,
100092,,1525010.107,1001977.472,,,signal,54,
100093,,1525017.206,1002471.93,,,2_stop,53,
100094,,1525308.886,1002474.781,,,none,53,
100095,,1525947.755,1002917.578,,,none,53,
100096,,1525549.76,1002927.561,,,none,53,
100097,,1525028.745,1002935.331,,,signal,53,
100098,,1525042.811,1003416.182,,,2_stop,35,
100099,,1525440.822,1000115.921,,,none,55,
100100,,1524404.732,1001361.997,,,none,9,
100101,,1527953.05,1002890.237,,,none,57,
100102,,1528369.186,1002890.151,,,none,57,
100103,,1529268.322,1002870.032,,,none,42,
100104,,1530986.15,1002725.86,,,none,58,
100105,,1536106.94,1003764.878,,,none,172,
100106,,1529205.521,1001076.858,,,none,59,
100107,,1527477.53,1001075.178,,,signal,55,
100108,,1528546.704,1000182.714,,,signal,171,
100109,,1530523.641,998505.063,,,signal,170,
100110,,1530911.053,998414.813,,,none,61,
100111,,1531406.111,998471.375,,,2_stop,58,
100112,,1532074.479,998465.938,,,none,63,
100113,,1533027.733,998434.5,,,signal,67,
100114,,1534137.305,998420.937,,,signal,66,
100115,,1537081.32,998428.313,,,signal,68,
100116,,1538366.052,998424.812,,,none,68,
100117,,1544673.363,998414.5,,,none,65,
100118,,1543731.355,998419.875,,,signal,65,
100119,,1543854.601,1003721.856,,,signal,172,
100120,,1534596.073,1003772.079,,,signal,173,
100121,,1533357.321,1007790.36,,,none,168,
100122,,1534029.924,1007904.211,,,none,44,
100123,,1534679.163,1008020.346,,,signal,45,
100124,,1538701.944,1008906.554,,,none,46,
100125,,1541280.484,1009186.036,,,none,46,
100126,,1534289.407,1024965.057,,,none,47,
100127,,1533210.984,997559.375,,,none,67,
100128,,1542551.912,1003728.689,,,none,52,
100129,,1533390.978,1014377.248,,,4_stop,166,
100130,,1533498.022,1019702.567,,,4_stop,43,
100131,,1533572.191,1023488.576,,,none,27,
100132,,1533601.678,1024992.638,,,2_stop,27,
100133,,1533578.962,1027030.119,,,none,33,
100134,,1533556.305,1030088.891,,,2_stop,47,
100135,,1537079.796,998249.875,,,none,68,
100136,,1538942.935,1030042.031,,,4_stop,47,
100137,,1538823.136,1019605.035,,,4_stop,205,
100138,,1540474.276,1019595.307,,,none,205,
100139,,1541747.079,1019573.554,,,none,44,
100140,,1545531.763,1019512.533,,,2_stop,50,
100141,,1549476.562,1029928.475,,,2_stop,48,
100142,,1537079.796,998626.313,,,none,172,
100143,,1523997.7,1004348.689,,,none,15,
100144,,1525254.52,1004348.689,,,none,34,
100145,,1549478.273,1023504.156,,,2_stop,49,
100146,,1549393.826,1019456.985,,,2_stop,50,
100147,,1554637.805,1019394.796,,,4_stop,50,
100148,,1554578.802,1015243.718,,,2_stop,51,
100149,,1549276.201,1012835.413,,,2_stop,51,
100150,,1545417.663,1010391.004,,,none,52,
100151,,1549254.744,1010232.371,,,2_stop,52,
100152,,1543857.34,1009974.247,,,none,52,
100153,,1554516.86,1010312.027,,,2_stop,355,
100154,,1537639.448,998429.25,,,none,68,
100155,,1549249.116,1011694.124,,,none,51,
100156,,1549134.491,1003668.893,,,4_stop,378,
100157,,1554381.104,1001890.772,,,none,356,
100158,,1554409.075,1003547.52,,,2_stop,71,
100159,,1543731.87,998136.875,,,none,65,
100160,,1549114.283,1002645.088,,,none,71,
100161,,1543779.963,1000516.199,,,none,392,
100162,,1549029.684,998358.25,,,2_stop,64,
100163,,1521449.0,1003813.0,,,none,181,
100164,,1554312.01,998234.938,,,2_stop,72,
100165,,1521206.675,1002548.858,,,none,184,
100166,,1538746.257,1011710.929,,,none,45,
100167,,1493756.119,1019799.658,,,none,161,
100168,,1518306.558,1005223.974,,,signal,384,
100169,,1518773.852,1005977.319,,,none,130,
100170,,1518072.322,1006531.91,,,none,137,
100171,,1517409.774,1006879.527,,,signal,137,
100172,,1523242.797,1006199.04,,,none,22,
100173,,1516586.878,1007095.202,,,signal,136,
100174,,1524461.439,1005936.869,,,none,15,
100175,,1508631.919,1001198.99,,,none,117,
100176,,1510617.752,1011151.703,,,signal,200,
100177,,1512130.789,1012013.059,,,signal,147,
100178,,1521279.811,1000581.167,,,none,111,
100179,,1520431.351,999712.938,,,none,111,
100180,,1534658.526,1007117.912,,,none,46,
100181,,1538732.503,1012475.656,,,2_stop,45,
100182,,1541386.08,1015255.958,,,none,45,
100183,,1537475.844,1014323.652,,,none,44,
100184,,1538753.813,1014296.559,,,none,44,
100185,,1538700.0,1013547.0,,,none,44,
100186,,1543316.0,967098.0,,,none,91,
100187,,1514761.0,1000788.0,,,none,115,
100188,,1517412.0,1000869.0,,,none,114,
100189,,1518187.0,1000829.0,,,none,114,
100190,,1549153.251,1005576.554,,,none,52,
100191,,1551287.134,1003626.627,,,none,378,
100192,,1522110.254,1000135.979,,,none,110,
100193,,1511484.0,995972.0,,,none,119,
100194,,1549316.334,1016315.382,,,none,50,
100195,,1517454.321,1010856.604,,,none,198,
100196,,1549417.161,1021407.168,,,none,49,
100197,,1532385.224,998636.029,,,none,63,
100198,,1549509.019,1028098.244,,,none,48,
100199,,1533102.459,997425.687,,,none,67,
100200,,1517262.836,984012.318,,,none,393,
100201,,1525589.57,994798.375,,,none,80,
100202,,1526415.594,994798.375,,,none,79,
100203,,1514817.26,1013044.503,,,none,198,
100204,,1525207.0,997743.0,,,signal,78,
100205,,1525569.0,997743.0,,,none,78,
100206,,1524296.985,997739.875,,,none,77,
100207,,1522530.0,1008354.0,,,none,23,
100208,,1522977.0,1008354.0,,,none,22,
100209,,1513157.0,1004479.0,,,none,143,
100210,,1513157.0,1005304.0,,,none,140,
100211,,1525473.858,1005917.945,,,signal,34,
100212,,1525470.0,1005621.0,,,none,34,
100213,,1525448.0,1006848.0,,,none,37,
100214,,1530704.612,1007598.863,,,none,39,
100215,,1530745.821,1007273.538,,,none,40,
100216,,1516489.0,999921.0,,,none,114,
100217,,1515648.0,999952.0,,,none,114,
100218,,1528549.0,1000521.0,,,none,59,
100219,,1530711.66,1007396.234,,,signal,167,
100220,,1530785.114,1014333.419,,,none,166,
100221,,1528549.0,999937.0,,,none,171,
100222,,1529626.527,999214.187,,,signal,170,
100223,,1529632.0,999800.0,,,none,169,
100224,,1529632.0,999029.0,,,none,170,
100225,,1500595.375,1017689.775,,,signal,159,
100226,,1496685.334,1022942.705,,,none,154,
100227,,1500599.0,1018558.0,,,none,155,
100228,,1504418.222,1022969.143,,,none,30,
100229,,1500623.913,1020518.013,,,none,154,
100230,,1508385.0,1012418.0,,,none,202,
100231,,1508385.0,1013003.0,,,none,145,
100232,,1510613.0,1011636.0,,,none,18,
100233,,1510613.0,1010956.0,,,none,200,
100234,,1511490.18,1010596.521,,,signal,200,
100235,,1511483.0,1011209.0,,,none,18,
100236,,1517211.0,1005144.0,,,none,139,
100237,,1518592.491,1005202.69,,,none,183,
100238,,1534135.817,998704.938,,,none,63,
100239,,1534135.817,998272.312,,,none,66,
100240,,1535497.872,998409.375,,,signal,174,
100241,,1535495.441,998261.125,,,none,174,
100242,,1535495.441,998665.625,,,none,63,
100243,,1532967.0,998780.0,,,none,63,
100244,,1512581.0,1004259.0,,,none,143,
100245,,1511773.942,1004263.126,,,none,195,
100246,,1511706.831,1008155.604,,,none,148,
100247,,1508277.814,985429.109,,,none,123,
100248,,1522126.939,1001522.121,,,2_stop,179,
100249,,1522142.873,1002011.32,,,signal,178,
100250,,1522391.488,1000375.522,,,4_stop,110,
100251,,1522837.778,1000543.245,,,2_stop,110,
100252,,1522143.491,1002527.763,,,2_stop,185,
100253,,1522159.55,1002992.905,,,2_stop,186,
100254,,1522160.051,1003290.151,,,none,132,
100255,,1522100.0,1000948.0,,,none,110,
100256,,1524656.0,993816.0,,,none,80,
100257,,1524656.0,993155.0,,,none,81,
100258,,1526983.22,998741.375,,,none,55,
100259,,1526983.22,998226.25,,,none,78,
100260,,1515192.0,1002235.0,,,2_stop,191,
100261,,1515192.0,1001931.0,,,none,188,
100262,,1515192.0,1002521.0,,,none,191,
100263,,1520626.0,994451.0,,,none,100,
100264,,1521064.0,1007392.0,,,none,138,
100265,,1521662.0,1007392.0,,,none,23,
100266,,1509469.468,987371.063,,,none,387,
100267,,1510830.0,987301.0,,,none,101,
100268,,1521967.108,1012958.852,,,none,163,
100269,,1517505.138,1014796.782,,,none,146,
100270,,1533366.0,1009972.0,,,none,168,
100271,,1519005.655,1001586.072,,,none,176,
100272,,1518954.894,1001068.609,,,none,111,
100273,,1521706.886,1001542.033,,,none,179,
100274,,1521706.886,1001057.454,,,none,110,
100275,,1521712.52,1002026.611,,,none,178,
100276,,1522607.739,1000999.776,,,none,110,
100277,,1522132.618,1001790.076,,,none,178,
100278,,1521294.444,1001332.331,,,none,175,
100279,,1522113.801,1001310.251,,,none,179,
100280,,1522399.946,1001299.744,,,none,179,
100281,,1522842.948,1001305.547,,,none,180,
100282,,1522165.366,1003486.825,,,2_stop,132,
100283,,1522640.668,1002989.639,,,none,187,
100284,,1522866.0,1003247.0,,,none,182,
100285,,1518981.739,1003551.742,,,2_stop,183,
100286,,1519048.85,1005336.913,,,none,183,
100287,,1520485.094,1003048.637,,,signal,184,
100288,,1520623.0,1002561.0,,,none,184,
100289,,1522865.058,1002771.247,,,none,187,
100290,,1522430.945,1002781.003,,,none,186,
100291,,1522142.026,1002279.31,,,none,185,
100292,,1521312.0,1002320.0,,,none,184,
100293,,1522140.752,1002781.652,,,none,186,
100294,,1521329.365,1002798.556,,,none,184,
100295,,1521718.651,1002533.335,,,none,185,
100296,,1521723.79,1003007.038,,,none,186,
100297,,1517800.573,1001605.503,,,none,189,
100298,,1517800.573,1001068.609,,,none,114,
100299,,1517840.84,1002128.974,,,none,189,
100300,,1515129.527,1001095.454,,,none,115,
100301,,1517842.115,1002615.96,,,none,190,
100302,,1515411.396,1004061.791,,,none,191,
100303,,1511748.0,1009338.0,,,none,199,
100304,,1512441.0,1009338.0,,,none,136,
100305,,1511898.172,1012037.959,,,none,18,
100306,,1536552.948,1019620.09,,,none,205,
100307,,1532378.63,998466.062,,,signal,63,
100308,,1506571.249,985429.109,,,none,123,
100309,,1501304.434,985487.956,,,none,388,
100310,,1511760.52,1006544.924,,,none,206,
100311,,1512079.128,1007434.35,,,2_stop,208,
100312,,1511854.476,1007430.798,,,none,206,
100313,,1496051.375,997920.675,,,none,152,
100494,,1503893.706,983840.237,,,none,123,
100495,,1503923.13,987621.163,,,none,387,
100496,,1502689.243,988973.919,,,none,126,
100497,,1515371.363,993317.367,,,none,100,
100498,,1512250.002,993295.071,,,none,119,
100499,,1503896.0,989828.0,,,none,122,
100500,,1510555.549,993295.071,,,signal,120,
100501,,1490778.98,993401.625,,,2_stop,124,
100502,,1493336.673,994106.688,,,none,124,
100503,,1495995.451,995176.75,,,2_stop,124,
100504,,1498566.361,996129.188,,,none,125,
100505,,1500924.227,996065.0,,,none,125,
100506,,1501298.336,996067.125,,,none,125,
100507,,1501300.104,993442.875,,,none,122,
100508,,1501275.0,991957.0,,,none,125,
100509,,1495995.0,992023.0,,,none,125,
100510,,1495965.0,990603.0,,,none,124,
100511,,1490760.387,990645.25,,,none,124,
100512,,1539378.406,969654.938,,,none,91,
100513,,1490688.439,985633.562,,,4_stop,127,
100514,,1493786.506,986492.375,,,none,127,
100515,,1494239.948,986618.25,,,none,127,
100516,,1495940.718,987089.813,,,2_stop,127,
100517,,1498523.174,987848.25,,,none,126,
100518,,1501274.57,988597.0,,,none,126,
100519,,1503932.752,989334.063,,,2_stop,126,
100520,,1503939.667,985430.875,,,4_stop,123,
100521,,1495919.926,985561.515,,,none,127,
100522,,1490684.058,982903.063,,,none,128,
100523,,1495892.66,982882.25,,,2_stop,128,
100524,,1502805.035,982810.413,,,none,129,
100525,,1503887.206,982782.563,,,none,129,
100526,,1506545.683,982755.25,,,none,105,
100527,,1495845.565,977533.875,,,none,128,
100528,,1495812.71,973821.75,,,none,129,
100529,,1490613.911,977626.562,,,none,0,
100530,,1490578.909,975006.375,,,none,0,
100531,,1492069.268,974978.0,,,none,128,
100532,,1495822.354,974906.562,,,2_stop,129,
100533,,1495798.941,972282.875,,,none,129,
100534,,1497106.413,974887.812,,,none,129,
100535,,1506440.87,974771.125,,,none,105,
100536,,1510397.065,974758.625,,,2_stop,105,
100537,,1510406.687,972158.063,,,none,386,
100538,,1515053.328,972118.0,,,none,0,
100539,,1515071.39,974741.375,,,none,106,
100540,,1515287.0,978803.0,,,none,106,
100541,,1510468.019,978797.75,,,none,105,
100542,,1513721.501,974767.566,,,none,106,
100543,,1509123.0,982760.0,,,none,102,
100544,,1510514.03,982748.0,,,signal,393,
100545,,1510501.416,983183.875,,,none,102,
100546,,1512944.0,982732.0,,,none,106,
100547,,1516762.048,982694.625,,,signal,106,
100548,,1517899.799,982678.5,,,none,106,
100549,,1518531.362,982669.688,,,none,107,
100550,,1519095.0,982636.0,,,none,107,
100551,,1517767.054,985353.125,,,none,393,
100552,,1518322.0,986867.0,,,none,103,
100553,,1517103.0,985345.0,,,none,393,
100554,,1510527.105,985359.125,,,none,393,
100555,,1510502.524,987321.437,,,signal,123,
100556,,1510509.0,988592.0,,,none,387,
100557,,1510549.451,989750.5,,,signal,387,
100558,,1511699.0,989783.0,,,none,101,
100559,,1513854.932,990677.188,,,none,101,
100560,,1516748.155,990703.938,,,none,103,
100561,,1514587.292,993332.188,,,signal,100,
100562,,1520567.833,992949.25,,,none,100,
100563,,1510581.058,994813.813,,,none,120,
100564,,1505973.955,996001.75,,,none,120,
100565,,1508745.998,995968.938,,,none,120,
100566,,1510588.066,995985.063,,,signal,120,
100567,,1512193.717,997969.813,,,signal,116,
100568,,1538929.54,1025410.799,,,none,47,
100569,,1518835.307,997595.562,,,none,95,
100570,,1520115.865,997029.938,,,none,95,
100571,,1525532.0,997016.0,,,none,78,
100572,,1521267.198,997019.188,,,signal,96,
100573,,1522137.046,997021.125,,,none,96,
100574,,1523087.002,997722.938,,,none,96,
100575,,1523557.312,997704.5,,,none,97,
100576,,1524511.742,997739.875,,,2_stop,77,
100577,,1523067.062,997023.125,,,4_stop,96,
100578,,1523316.885,997023.063,,,none,97,
100579,,1523540.834,997033.688,,,signal,97,
100580,,1524048.073,997023.938,,,none,77,
100581,,1524859.303,997019.75,,,signal,77,
100582,,1525187.918,997022.312,,,signal,78,
100583,,1525154.565,996344.625,,,none,77,
100584,,1525958.695,994792.688,,,signal,80,
100585,,1523506.968,995549.813,,,none,98,
100586,,1523479.0,994212.0,,,none,98,
100587,,1521238.59,996178.5,,,none,100,
100588,,1521152.244,994449.438,,,signal,100,
100589,,1520646.808,993184.062,,,signal,100,
100590,,1522139.969,993302.188,,,none,98,
100591,,1522661.804,993542.438,,,none,81,
100592,,1523384.68,993537.938,,,signal,81,
100593,,1523460.91,993536.25,,,signal,81,
100594,,1524271.202,993524.375,,,none,81,
100595,,1524660.076,993514.312,,,signal,81,
100596,,1526539.414,993476.563,,,signal,80,
100597,,1527250.887,993468.813,,,none,79,
100598,,1527673.268,993472.25,,,none,79,
100599,,1530118.445,993463.187,,,none,84,
100600,,1530643.594,993458.75,,,none,84,
100601,,1531248.877,993501.375,,,none,62,
100602,,1532300.567,993492.875,,,none,69,
100603,,1527489.4,990826.938,,,none,83,
100604,,1523380.122,992111.875,,,none,81,
100605,,1522558.585,992667.375,,,none,99,
100606,,1519710.84,990614.938,,,signal,104,
100607,,1521700.592,993211.25,,,none,99,
100608,,1522541.44,990568.375,,,2_stop,99,
100609,,1523361.0,990511.0,,,2_stop,82,
100610,,1523362.0,989600.0,,,none,82,
100611,,1522502.672,988251.813,,,none,104,
100612,,1523354.76,988236.25,,,none,204,
100613,,1524229.031,988220.375,,,none,204,
100614,,1527609.886,988171.938,,,signal,84,
100615,,1530273.441,988137.188,,,none,84,
100616,,1527594.633,987195.438,,,none,84,
100617,,1527584.66,986802.375,,,2_stop,85,
100618,,1527820.505,986840.875,,,none,86,
100619,,1527513.232,982840.5,,,none,85,
100620,,1527469.0,980041.0,,,none,85,
100621,,1522442.055,982901.875,,,none,85,
100622,,1522440.014,982584.812,,,none,85,
100623,,1522358.564,974973.5,,,none,89,
100624,,1522331.0,974656.0,,,none,107,
100625,,1527408.04,974880.812,,,2_stop,89,
100626,,1527348.016,971140.812,,,2_stop,89,
100627,,1525214.0,971057.0,,,none,89,
100628,,1522303.44,971036.563,,,2_stop,0,
100629,,1521753.0,971005.0,,,none,0,
100630,,1527286.0,968968.0,,,none,89,
100631,,1527217.0,966688.0,,,none,0,
100632,,1532726.69,971149.063,,,4_stop,90,
100633,,1539359.04,971173.813,,,4_stop,91,
100634,,1532759.5,974838.563,,,2_stop,86,
100635,,1538067.059,974762.125,,,none,90,
100636,,1538081.725,975874.188,,,none,88,
100637,,1538101.865,977401.563,,,none,88,
100638,,1538131.0,979607.0,,,none,88,
100639,,1538172.162,982719.938,,,none,88,
100640,,1532861.967,982420.313,,,none,87,
100641,,1532866.471,982790.875,,,4_stop,87,
100642,,1532927.757,988100.0,,,4_stop,87,
100643,,1538241.265,988032.875,,,4_stop,88,
100644,,1532722.92,973002.313,,,none,90,
100645,,1533057.35,997143.313,,,none,67,
100646,,1532974.0,990717.0,,,none,69,
100647,,1532987.325,993421.125,,,4_stop,69,
100648,,1533899.849,993406.875,,,none,69,
100649,,1538305.418,993363.813,,,none,70,
100650,,1533627.976,997303.188,,,signal,67,
100651,,1535323.821,996602.813,,,none,67,
100652,,1537033.299,995883.75,,,none,67,
100653,,1538293.533,995415.188,,,signal,67,
100654,,1538346.989,997638.25,,,none,68,
100655,,1544842.607,992605.813,,,none,70,
100656,,1548933.889,990838.875,,,none,70,
100657,,1548962.984,993154.125,,,none,72,
100658,,1554248.367,992964.813,,,2_stop,365,
100659,,1552833.381,988378.25,,,none,70,
100660,,1554109.033,987478.063,,,none,73,
100661,,1555596.226,986482.25,,,none,367,
100662,,1548888.0,987816.0,,,none,73,
100663,,1544854.649,987925.25,,,none,70,
100664,,1543544.509,987950.0,,,none,70,
100665,,1543461.0,981291.0,,,none,73,
100666,,1543432.0,979510.0,,,none,73,
100667,,1543372.343,974682.813,,,none,73,
100668,,1543332.963,971152.0,,,none,91,
100669,,1546045.283,974645.625,,,4_stop,73,
100670,,1549253.0,974597.0,,,none,73,
100671,,1507198.89,989537.562,,,none,387,
100672,,1533667.0,982717.0,,,none,87,
100673,,1532828.0,979930.0,,,none,86,
100674,,1522283.0,970847.0,,,none,0,
100675,,1523686.0,990507.0,,,none,82,
100676,,1523064.0,996900.0,,,none,96,
100677,,1458677.0,1041546.0,,,none,259,
100678,,1458658.0,1040691.0,,,none,257,
100679,,1459032.0,1042325.0,,,2_stop,262,
100680,,1459037.0,1041065.0,,,signal,259,
100681,,1459042.0,1040691.0,,,none,257,
100682,,1460471.0,1041555.0,,,4_stop,267,
100683,,1460483.0,1040572.0,,,none,278,
100684,,1460856.805,1038453.163,,,none,280,
100685,,1459358.0,1038166.0,,,none,281,
100686,,1459856.0,1039950.0,,,none,279,
100687,,1458995.0,1039950.0,,,none,251,
100688,,1460109.0,1041547.0,,,4_stop,267,
100689,,1460581.0,1040688.0,,,none,278,
100690,,1459393.0,1041540.0,,,signal,266,
100691,,1459036.0,1041542.0,,,4_stop,259,
100692,,1460108.0,1042283.0,,,signal,267,
100693,,1460466.0,1042274.0,,,signal,267,
100694,,1458555.0,1041546.0,,,none,256,
100695,,1459031.0,1042650.0,,,none,262,
100696,,1458542.0,1042327.0,,,signal,262,
100697,,1458542.0,1042600.0,,,none,262,
100698,,1518359.519,998598.062,,,none,114,
100699,,1553625.0,992985.0,,,none,72,
100700,,1458398.0,1041546.0,,,none,256,
100701,,1493801.854,1030493.685,,,none,153,
100702,,1496723.622,1030466.07,,,2_stop,154,
100703,,1496706.905,1027012.455,,,none,154,
100704,,1496806.293,1024999.32,,,none,153,
100705,,1457564.0,1042327.0,,,2_stop,262,
100706,,1491063.7,1022966.938,,,2_stop,236,
100707,,1493264.374,1021592.076,,,none,153,
100708,,1495561.368,1020156.182,,,2_stop,158,
100709,,1496080.601,1020231.243,,,none,157,
100710,,1496276.066,1020242.18,,,none,157,
100711,,1496653.765,1021070.091,,,none,156,
100712,,1496624.946,1020262.202,,,4_stop,157,
100713,,1496606.022,1020021.392,,,none,158,
100714,,1496604.728,1019689.974,,,signal,158,
100715,,1496183.027,1019875.987,,,none,158,
100716,,1491045.393,1019831.95,,,2_stop,229,
100717,,1491082.414,1025005.908,,,none,236,
100718,,1490970.369,1011286.917,,,2_stop,229,
100719,,1457564.0,1042578.0,,,none,262,
100720,,1490939.948,1006673.156,,,2_stop,162,
100721,,1496783.607,1006651.961,,,none,161,
100722,,1497820.736,1007104.793,,,none,161,
100723,,1496585.816,1014062.315,,,none,160,
100724,,1497425.462,1012705.777,,,none,160,
100725,,1499119.295,1008035.697,,,none,161,
100726,,1499714.168,1008276.763,,,none,160,
100727,,1497244.275,1019865.709,,,none,156,
100728,,1500895.273,1002467.752,,,none,395,
100729,,1500895.237,1001310.283,,,2_stop,395,
100730,,1499308.245,1001320.305,,,none,152,
100731,,1497829.949,1002657.992,,,none,152,
100732,,1497804.679,1001329.223,,,none,162,
100733,,1496062.463,998844.25,,,2_stop,152,
100734,,1490886.398,1002705.726,,,none,213,
100735,,1490833.448,998783.875,,,2_stop,211,
100736,,1505568.278,999944.438,,,none,192,
100737,,1504256.639,1001201.411,,,none,192,
100738,,1505590.595,1001240.848,,,none,151,
100739,,1507063.169,1001220.577,,,signal,203,
100740,,1508272.811,1001219.11,,,none,41,
100741,,1509535.195,1001186.416,,,none,118,
100742,,1510975.541,1001187.499,,,none,142,
100743,,1511049.136,1002236.353,,,none,142,
100744,,1508485.469,1002263.197,,,none,41,
100745,,1507080.192,1002218.92,,,signal,203,
100746,,1507102.968,1003860.456,,,none,150,
100747,,1507089.546,1004719.485,,,none,203,
100748,,1511501.959,1005513.976,,,none,195,
100749,,1510248.951,1005947.941,,,none,150,
100750,,1507076.105,1007108.065,,,signal,203,
100751,,1507150.0,1029906.0,,,none,30,
100752,,1493516.833,1010085.942,,,none,161,
100753,,1584378.0,1056905.0,,,none,335,
100754,,1582388.0,1059219.0,,,none,331,
100755,,1583892.0,1057970.0,,,none,331,
100756,,1583183.0,1056551.0,,,2_stop,336,
100757,,1584987.0,1054730.0,,,none,334,
100758,,1582669.058,1057014.041,,,none,336,
100759,,1476483.0,983162.0,,,none,210,
100760,,1476483.0,982613.0,,,none,0,
100761,,1458623.134,1001657.3,,,none,215,
100762,,1459017.0,1001813.0,,,none,241,
100763,,1469407.0,982599.0,,,none,0,
100764,,1464125.0,982599.0,,,none,0,
100765,,1453709.0,1031579.0,,,none,0,
100766,,1496512.709,1006632.285,,,2_stop,161,
100767,,1460108.0,1042582.0,,,none,265,
100768,,1460466.0,1042582.0,,,none,265,
100769,,1462230.0,1041929.0,,,none,274,
100770,,1496469.44,1002648.629,,,none,162,
100771,,1498795.604,1007904.727,,,none,161,
100772,,1496516.374,1008765.88,,,none,161,
100773,,1496591.155,1014489.894,,,none,160,
100774,,1496608.974,1015594.616,,,none,379,
100775,,1501883.128,1014400.804,,,4_stop,380,
100776,,1498711.508,1014436.44,,,none,160,
100777,,1503451.12,1014382.986,,,none,380,
100778,,1501918.764,1015933.159,,,none,380,
101745,,1517801.82,1005793.006,,,none,384,
101746,,1512089.116,1008420.099,,,none,136,
101747,,1506930.871,1014192.243,,,none,196,
101748,,1507507.337,1014192.243,,,none,145,
101749,,1507197.743,1016110.442,,,none,197,
101750,,1504555.842,1015077.891,,,none,381,
101751,,1504599.475,1007983.779,,,none,151,
101752,,1503144.241,1008289.266,,,none,151,
101753,,1501812.868,1008294.384,,,none,151,
101754,,1501826.827,1011805.886,,,none,160,
101755,,1501854.834,1012638.666,,,none,380,
101756,,1507116.942,1011696.454,,,none,380,
101757,,1508383.806,1012618.969,,,signal,145,
101758,,1507132.3,1013400.479,,,signal,381,
101759,,1505581.981,1014421.605,,,none,381,
101760,,1507154.475,1014191.984,,,signal,196,
101761,,1510326.942,1015209.817,,,none,197,
101762,,1508821.0,1016929.0,,,none,155,
101763,,1507182.906,1016925.174,,,4_stop,155,
101764,,1518980.658,1002970.577,,,signal,134,
101765,,1501926.878,1016812.37,,,signal,381,
101766,,1516093.0,1004160.0,,,none,139,
101767,,1499598.691,1018318.955,,,none,159,
101768,,1498970.785,1018799.829,,,none,156,
101769,,1497279.572,1019292.351,,,none,159,
101770,,1497391.398,1019772.459,,,none,156,
101771,,1499367.0,1019774.0,,,none,154,
101772,,1500615.711,1019724.316,,,4_stop,155,
101773,,1507195.518,1019553.415,,,none,154,
101774,,1507207.107,1020534.938,,,none,30,
101775,,1503985.231,1025627.783,,,none,30,
101776,,1503880.612,1026242.797,,,none,30,
101777,,1503236.509,1030399.761,,,4_stop,30,
101778,,1518726.714,1002102.129,,,none,177,
101779,,1507140.697,1030354.733,,,2_stop,30,
101780,,1509811.495,1030323.804,,,none,30,
101781,,1509747.818,1024816.096,,,none,30,
101782,,1509692.77,1020049.64,,,4_stop,30,
101783,,1509824.635,1019373.68,,,none,155,
101784,,1510168.319,1018236.879,,,none,155,
101785,,1510240.167,1016874.435,,,4_stop,197,
101786,,1514014.935,1016848.925,,,none,146,
101787,,1514792.533,1016844.284,,,none,146,
101788,,1512132.366,1012342.519,,,none,18,
101789,,1512137.892,1011072.391,,,none,147,
101790,,1512110.367,1010179.744,,,signal,382,
101791,,1512840.869,1009722.131,,,none,382,
101792,,1513488.036,1009313.437,,,none,382,
101793,,1514058.191,1008936.046,,,signal,382,
101794,,1512100.477,1009318.666,,,signal,136,
101795,,1512087.348,1008158.413,,,signal,136,
101796,,1512069.118,1006551.409,,,signal,194,
101797,,1512069.234,1006088.564,,,none,206,
101798,,1514611.35,1005772.203,,,none,140,
101799,,1516064.8,1005767.383,,,none,140,
101800,,1512054.814,1005281.111,,,signal,195,
101801,,1513156.443,1004920.821,,,signal,140,
101802,,1514297.342,1004477.883,,,none,143,
101803,,1514811.142,1004286.266,,,none,191,
101804,,1516111.056,1003803.131,,,signal,144,
101805,,1516525.45,1003659.121,,,none,144,
101806,,1516767.053,1003565.164,,,none,144,
101807,,1516090.918,1003179.883,,,none,144,
101808,,1514791.003,1003618.917,,,none,191,
101809,,1512055.812,1004263.126,,,signal,195,
101810,,1512082.656,1002558.489,,,none,143,
101811,,1512068.374,1002194.868,,,signal,112,
101812,,1513411.468,1002222.93,,,none,143,
101813,,1513827.56,1002236.353,,,none,143,
101814,,1514782.059,1002238.824,,,2_stop,191,
101815,,1516071.997,1002210.002,,,signal,144,
101816,,1516765.268,1002149.878,,,none,113,
101817,,1516729.835,1001641.57,,,none,113,
101818,,1516067.019,1001658.647,,,4_stop,113,
101819,,1514771.886,1001738.953,,,none,188,
101820,,1512082.656,1001820.26,,,none,112,
101821,,1512073.128,1001148.382,,,signal,115,
101822,,1512998.637,1001140.083,,,none,115,
101823,,1514294.683,1001124.278,,,none,115,
101824,,1514753.377,1001100.371,,,2_stop,115,
101825,,1516062.882,1001429.834,,,none,113,
101826,,1516070.554,1001072.149,,,signal,114,
101827,,1516740.54,1001071.723,,,none,114,
101828,,1516011.853,999937.812,,,4_stop,114,
101829,,1512043.071,999956.375,,,none,115,
101830,,1512003.257,998700.75,,,signal,193,
101831,,1512992.661,998662.688,,,none,116,
101832,,1514286.769,998654.875,,,none,116,
101833,,1515999.061,998605.25,,,signal,116,
101834,,1519682.579,999694.625,,,signal,114,
101835,,1519478.429,998561.188,,,none,95,
101836,,1520505.494,998551.125,,,none,95,
101837,,1511944.727,997772.062,,,none,116,
101838,,1521262.958,998519.75,,,signal,95,
101839,,1522077.381,998442.375,,,none,96,
101840,,1521245.0,999252.0,,,none,95,
101841,,1521278.795,999778.312,,,signal,111,
101842,,1521279.811,1000644.577,,,none,111,
101843,,1519694.0,1000492.0,,,none,114,
101844,,1522120.779,1001005.778,,,signal,110,
101845,,1521295.371,1001062.793,,,signal,111,
101846,,1520460.36,1001068.936,,,none,111,
101847,,1519705.596,1001070.843,,,signal,111,
101848,,1518189.849,1001079.483,,,signal,114,
101849,,1517368.831,1001072.038,,,2_stop,114,
101850,,1517384.48,1001404.168,,,none,189,
101851,,1517380.017,1001615.626,,,4_stop,189,
101852,,1518203.593,1001596.784,,,2_stop,189,
101853,,1519714.131,1001577.667,,,signal,176,
101854,,1520512.343,1001564.571,,,none,175,
101855,,1521304.719,1001539.352,,,signal,175,
101856,,1521304.0,1001763.0,,,none,108,
101857,,1521313.561,1002034.144,,,signal,108,
101858,,1520513.479,1002069.335,,,none,108,
101859,,1519713.0,1001842.0,,,none,177,
101860,,1519722.366,1002098.712,,,signal,134,
101861,,1518994.851,1002104.817,,,signal,134,
101862,,1518217.193,1002106.069,,,signal,189,
101863,,1517390.92,1002143.548,,,signal,190,
101864,,1518230.317,1002409.767,,,none,190,
101865,,1517841.973,1005179.232,,,none,384,
101866,,1517385.594,1002632.4,,,none,190,
101867,,1518223.748,1002593.613,,,2_stop,190,
101868,,1518985.389,1002587.371,,,2_stop,134,
101869,,1519158.068,1002587.371,,,none,134,
101870,,1521321.588,1002545.352,,,signal,184,
101871,,1521332.892,1003007.299,,,signal,184,
101872,,1519736.375,1003034.422,,,none,134,
101873,,1518234.703,1003032.968,,,signal,190,
101874,,1517379.487,1003097.192,,,none,144,
101875,,1517377.942,1003345.808,,,signal,144,
101876,,1517382.192,1003581.545,,,none,139,
101877,,1518235.981,1003566.167,,,signal,384,
101878,,1519741.955,1003531.096,,,2_stop,183,
101879,,1520489.805,1003519.789,,,none,133,
101880,,1521344.415,1003505.9,,,signal,133,
101881,,1521345.6,1003889.091,,,signal,133,
101882,,1519746.812,1003954.412,,,none,183,
101883,,1517411.325,1005149.0,,,signal,139,
101884,,1517414.762,1005772.531,,,4_stop,139,
101885,,1517411.33,1006550.744,,,2_stop,136,
101886,,1517732.625,1006338.297,,,none,138,
101887,,1518269.855,1005824.858,,,none,384,
101888,,1519757.32,1004866.973,,,none,183,
101889,,1520432.0,1004483.0,,,none,133,
101890,,1521357.408,1004385.148,,,none,130,
101891,,1521371.0,1005414.0,,,none,130,
101892,,1522077.051,1005984.178,,,none,131,
101893,,1521376.471,1005973.317,,,signal,130,
101894,,1520106.655,1005969.435,,,none,130,
101895,,1521403.0,1007392.0,,,signal,138,
101896,,1517418.504,1007548.179,,,none,137,
101897,,1517436.698,1008941.602,,,signal,137,
101898,,1519240.345,1008949.938,,,none,138,
101899,,1521431.273,1008993.456,,,signal,138,
101900,,1521427.106,1010202.493,,,none,385,
101901,,1520769.859,1012933.237,,,none,165,
101902,,1519502.945,1012901.639,,,none,165,
101903,,1517472.757,1012878.025,,,signal,198,
101904,,1517548.875,1016807.554,,,none,165,
101905,,1517557.546,1019424.003,,,none,24,
101906,,1520292.0,1019557.0,,,none,25,
101907,,1517564.023,1024728.936,,,none,31,
101908,,1517583.961,1027318.066,,,none,31,
101909,,1517544.305,1020351.857,,,none,24,
101910,,1517292.016,1030251.439,,,2_stop,31,
101911,,1519283.438,1002102.451,,,none,134,
101912,,1521842.24,1026442.485,,,none,32,
101913,,1520491.342,1003616.397,,,none,133,
101914,,1526351.372,1030144.951,,,2_stop,33,
101915,,1528508.0,1030136.0,,,none,33,
101916,,1525429.0,1027533.0,,,none,33,
101917,,1530272.0,1024915.0,,,none,27,
101918,,1528367.371,1024866.64,,,none,27,
101919,,1525330.0,1024882.0,,,none,26,
101920,,1524495.384,1024865.852,,,none,33,
101921,,1522947.891,1022716.327,,,none,25,
101922,,1522961.0,1022240.0,,,none,26,
101923,,1522907.056,1019600.741,,,signal,28,
101924,,1524943.0,1019640.0,,,none,26,
101925,,1528237.98,1019578.121,,,signal,43,
101926,,1528798.62,1019625.949,,,none,43,
101927,,1528166.0,1016221.0,,,none,43,
101928,,1522894.0,1016948.0,,,none,28,
101929,,1522831.345,1013765.698,,,none,29,
101930,,1522811.472,1012976.961,,,signal,163,
101931,,1522806.413,1012584.146,,,none,163,
101932,,1523303.765,1012581.485,,,none,17,
101933,,1528119.522,1014266.129,,,signal,36,
101934,,1529573.242,1014297.733,,,none,166,
101935,,1528086.894,1010461.225,,,none,36,
101936,,1522813.264,1011988.835,,,none,17,
101937,,1522818.0,1011377.0,,,none,17,
101938,,1522794.909,1011036.423,,,signal,16,
101939,,1523817.216,1011037.182,,,none,20,
101940,,1523796.709,1009962.028,,,none,19,
101941,,1522780.88,1009950.849,,,none,16,
101942,,1522777.613,1008945.742,,,signal,23,
101943,,1515726.0,1001699.0,,,none,188,
101944,,1523241.527,1008930.976,,,none,22,
101945,,1523767.874,1008947.436,,,signal,22,
101946,,1524722.011,1008957.413,,,none,21,
101947,,1525499.773,1009039.572,,,none,37,
101948,,1526313.469,1008981.403,,,none,37,
101949,,1527417.053,1009359.197,,,none,37,
101950,,1528080.246,1009690.117,,,signal,36,
101951,,1528043.404,1007723.345,,,none,38,
101952,,1525170.0,1003456.0,,,none,35,
101953,,1530859.983,1007426.845,,,none,39,
101954,,1531685.637,1007478.346,,,none,40,
101955,,1532587.157,1007640.492,,,none,168,
101956,,1532983.445,1007710.85,,,none,46,
101957,,1525011.57,1001888.864,,,none,54,
101958,,1532508.731,1007713.651,,,none,168,
101959,,1531656.418,1007582.73,,,none,39,
101960,,1522440.7,1003268.771,,,none,132,
101961,,1522370.548,1011046.904,,,none,16,
101962,,1529088.586,1006999.35,,,none,40,
101963,,1528032.227,1006805.073,,,signal,34,
101964,,1527392.259,1006695.344,,,none,34,
101965,,1526594.616,1006509.324,,,none,34,
101966,,1525445.472,1006372.114,,,2_stop,37,
101967,,1524650.676,1006343.729,,,none,21,
101968,,1524234.354,1006353.191,,,none,21,
101969,,1523751.913,1007321.591,,,none,22,
101970,,1523742.338,1007554.846,,,none,22,
101971,,1522780.0,1007515.0,,,none,22,
101972,,1522778.0,1008354.0,,,signal,23,
101973,,1522768.231,1005992.221,,,signal,14,
101974,,1523237.99,1005973.652,,,signal,14,
101975,,1523420.635,1005974.716,,,none,14,
101976,,1523737.502,1005960.394,,,signal,14,
101977,,1524231.968,1005943.955,,,2_stop,15,
101978,,1525092.0,1005816.0,,,none,37,
101979,,1525063.0,1005206.0,,,none,34,
101980,,1525078.565,1004348.689,,,2_stop,34,
101981,,1524183.709,1004348.689,,,2_stop,15,
101982,,1523691.035,1004348.689,,,2_stop,14,
101983,,1523704.49,1004933.912,,,none,14,
101984,,1523174.626,1004943.374,,,none,14,
101985,,1522741.415,1004922.61,,,none,14,
101986,,1522445.053,1003489.325,,,none,132,
101987,,1522704.195,1003486.894,,,none,182,
101988,,1522885.132,1003482.577,,,none,182,
101989,,1523142.869,1003479.082,,,2_stop,182,
101990,,1523365.11,1003474.169,,,none,1,
101991,,1523674.775,1003460.874,,,signal,1,
101992,,1523854.344,1003450.648,,,none,2,
101993,,1524163.201,1003444.907,,,none,2,
101994,,1524441.605,1003434.497,,,4_stop,3,
101995,,1524432.957,1003196.623,,,none,3,
101996,,1524150.707,1003215.44,,,none,2,
101997,,1523666.177,1003224.848,,,none,1,
101998,,1523143.0,1003235.0,,,none,182,
101999,,1522436.948,1002987.958,,,signal,186,
102000,,1520486.264,1002971.45,,,none,184,
102001,,1518979.088,1003705.824,,,none,183,
102002,,1531429.936,1007405.544,,,none,40,
102003,,1531796.781,1007224.557,,,none,40,
102004,,1532548.881,1007711.494,,,none,168,
102005,,1532534.739,1007631.557,,,none,168,
102006,,1522446.254,1003630.603,,,none,181,
102007,,1522710.109,1003767.605,,,none,181,
102008,,1523146.486,1003767.605,,,none,181,
102009,,1522882.63,1003767.605,,,none,181,
102010,,1511439.961,998714.438,,,none,193,
102011,,1523159.368,1004342.624,,,2_stop,14,
102012,,1522723.496,1004342.624,,,signal,131,
102013,,1522165.366,1003630.344,,,none,181,
102014,,1522165.366,1004347.939,,,signal,131,
102015,,1522165.366,1004587.137,,,none,131,
102016,,1523644.509,1002001.27,,,none,7,
102017,,1523710.152,1001984.401,,,none,8,
102018,,1523643.435,1001963.7,,,none,11,
102019,,1523576.001,1001987.563,,,none,11,
102020,,1523661.742,1001966.566,,,none,10,
102021,,1523661.742,1001996.291,,,none,7,
102022,,1523624.373,1001997.141,,,none,7,
102023,,1523624.373,1001967.415,,,none,11,
102500,,1553915.323,1030299.49,,,none,311,
102501,,1553918.036,1030195.933,,,none,313,
102506,,1542399.057,1020671.9,,,none,48,
102507,,1542566.219,1020695.659,,,none,48,
102508,,1539535.775,1018256.997,,,none,44,
102509,,1540027.902,1018587.158,,,none,44,
102510,,1531751.339,998029.125,,,none,61,
102511,,1531788.835,998271.187,,,none,67,
102512,,1533336.071,1013068.649,,,none,168,
102513,,1533365.646,1013000.706,,,none,168,
102514,,1531946.771,1009546.171,,,none,168,
102515,,1531991.126,1010309.331,,,none,168,
102516,,1531911.755,1007571.348,,,none,168,
102517,,1531946.924,1007569.641,,,none,168,
102518,,1531903.311,1006706.243,,,none,46,
102519,,1531931.683,1006569.072,,,none,46,
102520,,1531765.894,999530.438,,,none,58,
102521,,1531820.698,1000208.487,,,none,173,
102522,,1531741.377,996711.375,,,none,61,
102523,,1531799.451,996607.188,,,none,67,
102524,,1531742.815,994807.375,,,none,62,
102525,,1531803.027,993490.25,,,none,69,
102526,,1531731.349,993641.688,,,none,62,
102527,,1531788.766,992354.875,,,none,69,
102528,,1531537.41,988249.188,,,none,84,
102529,,1531627.106,988255.312,,,none,69,
102530,,1528899.081,987017.25,,,none,86,
102531,,1528793.904,986951.313,,,none,86,
102532,,1526318.409,987054.625,,,none,85,
102533,,1526346.438,986976.875,,,none,85,
102534,,1522448.466,987015.062,,,none,107,
102535,,1522470.042,986949.438,,,none,107,
102536,,1518729.298,983325.438,,,none,104,
102537,,1519042.802,983588.813,,,none,107,
102538,,1517434.626,981743.625,,,none,106,
102539,,1517685.6,981953.063,,,none,107,
102540,,1515784.421,972134.25,,,none,107,
102541,,1515863.658,972111.0,,,none,0,
102542,,1531397.809,998387.375,,,none,61,
102544,,1520150.0,991810.0,,,none,100,
102545,,1535039.192,1008468.965,,,none,45,
102546,,1532656.0,969862.0,,,none,90,
102553,,1517565.087,1029931.229,,,none,31,
102554,,1533709.9,997965.125,,,none,66,
102555,,1507195.518,1019186.965,,,none,155,
102556,,1499435.169,1008163.901,,,none,160,
103400,,1512437.53,1030298.352,,,none,31,
103413,,1545490.789,1029974.104,,,none,48,
103415,,1555450.145,985011.5,,,none,367,
103422,,1543321.431,970292.438,,,none,91,
103500,,1581122.14,1027434.936,,,4_stop,343,
103501,,1586375.996,1027430.615,,,none,0,
103502,,1556616.54,993021.25,,,none,357,
103503,,1554239.77,990397.5,,,none,365,
103504,,1581264.12,1040669.756,,,none,342,
103505,,1586542.722,1040329.725,,,none,0,
103506,,1581133.739,1030077.544,,,none,343,
103507,,1586411.267,1030064.108,,,none,0,
103508,,1581002.519,1018124.254,,,none,349,
103509,,1586273.468,1019436.487,,,none,0,
103510,,1580455.144,987541.313,,,none,361,
103511,,1585828.031,987590.188,,,none,0,
103512,,1581595.287,1066765.231,,,none,326,
103513,,1586879.987,1066714.853,,,none,332,
103514,,1581171.196,1035370.594,,,2_stop,341,
103515,,1586477.916,1035347.955,,,2_stop,0,
103516,,1581277.598,1045985.142,,,2_stop,340,
103517,,1586610.988,1045609.995,,,none,0,
103518,,1578141.489,1003582.981,,,none,358,
103519,,1586047.716,1003524.307,,,none,358,
103520,,1581064.149,1021797.854,,,2_stop,349,
103521,,1586323.9,1023370.133,,,none,0,
103524,,1581878.495,969670.375,,,4_stop,373,
103525,,1585498.755,969005.438,,,none,0,
103526,,1580901.576,1008855.339,,,none,351,
103527,,1586138.825,1008887.0,,,4_stop,351,
103528,,1584258.444,1057572.775,,,2_stop,335,
103529,,1585920.326,1059172.881,,,none,333,
103530,,1583547.702,966326.875,,,none,373,
103531,,1580954.653,1014141.034,,,2_stop,350,
103532,,1586206.247,1014168.461,,,2_stop,350,
103533,,1584589.371,1057221.784,,,none,335,
103534,,1586751.549,1056523.442,,,2_stop,334,
103535,,1580614.569,998275.562,,,none,359,
103536,,1586015.497,998223.813,,,none,359,
103537,,1581173.571,1032933.674,,,none,342,
103538,,1586441.864,1032971.404,,,2_stop,342,
103539,,1581170.363,1032798.139,,,none,343,
103540,,1586449.26,1032857.575,,,2_stop,0,
103541,,1582692.393,1053470.183,,,none,340,
103542,,1586603.333,1053632.042,,,none,340,
103543,,1583190.635,1053615.94,,,none,340,
103544,,1586605.836,1053705.265,,,none,340,
103545,,1555007.293,1056378.318,,,none,309,
103546,,1543835.726,1035216.714,,,none,311,
103547,,1555654.875,1029796.305,,,none,313,
103548,,1587256.095,1032857.467,,,none,0,
103549,,1545883.506,1056384.179,,,2_stop,308,
103550,,1545895.992,1059033.87,,,none,307,
103551,,1552432.978,1056414.884,,,none,309,
103552,,1560000.343,1034802.007,,,none,315,
103553,,1565428.729,1056471.447,,,none,323,
103554,,1578836.409,1056545.464,,,none,339,
103555,,1576041.819,1056523.995,,,none,339,
103556,,1576060.237,1059173.923,,,none,327,
103557,,1539247.503,1056376.725,,,none,306,
103558,,1539257.579,1059086.609,,,none,306,
103559,,1549866.32,1056413.314,,,2_stop,308,
103560,,1549929.817,1061652.277,,,none,307,
103561,,1570723.507,1056495.522,,,2_stop,323,
103562,,1570751.25,1059139.84,,,none,325,
103563,,1556285.474,971836.438,,,none,368,
103564,,1533221.933,1057956.537,,,none,306,
103565,,1533538.702,1059166.995,,,none,306,
103566,,1584022.0,1057326.0,,,signal,335,
103567,,1560174.981,1056489.741,,,2_stop,323,
103568,,1560280.142,1061652.199,,,none,325,
103569,,1456706.761,1042336.277,,,signal,262,
103570,,1581316.108,1056564.178,,,4_stop,337,
103571,,1581316.108,1059240.381,,,4_stop,328,
103572,,1442482.991,988835.188,,,none,224,
103574,,1453629.682,1021725.63,,,none,246,
103575,,1443219.923,1031240.854,,,none,0,
103576,,1443134.979,1025867.615,,,none,248,
103577,,1442567.19,994149.812,,,none,225,
103578,,1507168.114,1032986.755,,,none,297,
103579,,1515269.474,1043332.858,,,none,298,
103580,,1458672.225,1041069.877,,,signal,259,
103581,,1507256.365,1038541.303,,,none,296,
103582,,1512559.449,1036570.844,,,none,298,
103583,,1556449.327,969149.25,,,none,368,
103584,,1571674.131,966430.437,,,none,372,
103585,,1558964.057,966499.0,,,none,368,
103586,,1515323.75,1045897.571,,,none,298,
103587,,1507272.804,1036867.237,,,none,298,
103588,,1512527.927,1035070.803,,,none,297,
103589,,1507212.384,1036788.528,,,none,297,
103590,,1512524.755,1034972.812,,,none,297,
103591,,1456067.947,1009744.302,,,none,241,
103592,,1456109.985,1012378.36,,,none,243,
103593,,1477500.559,1033347.686,,,none,290,
103594,,1475376.698,1038477.957,,,2_stop,290,
103595,,1475496.382,1024822.52,,,none,239,
103596,,1477873.693,1024028.906,,,none,239,
103597,,1466797.233,1000352.599,,,none,216,
103598,,1469093.702,1012150.762,,,none,231,
103599,,1463796.256,1007391.708,,,none,232,
103600,,1481696.522,1012117.736,,,none,228,
103601,,1488278.073,1006740.143,,,none,213,
103602,,1488320.28,1012490.875,,,none,229,
103603,,1474971.152,1004245.779,,,2_stop,231,
103604,,1476372.413,1004231.097,,,none,213,
103605,,1474804.495,988468.937,,,none,210,
103606,,1485392.565,988390.062,,,none,209,
103607,,1484325.287,1035000.734,,,none,293,
103608,,1475035.824,1012119.219,,,2_stop,231,
103609,,1479031.42,1012118.351,,,none,228,
103612,,1453448.964,1009754.347,,,2_stop,242,
103613,,1453535.667,1015002.01,,,none,244,
103614,,1464695.698,1004101.745,,,none,231,
103615,,1464503.703,1012239.177,,,2_stop,232,
103616,,1475184.804,1020036.294,,,2_stop,233,
103617,,1479122.099,1020008.866,,,none,230,
103618,,1475002.766,1009474.057,,,none,231,
103619,,1485664.071,1009445.345,,,none,227,
103620,,1485671.945,1012121.967,,,none,227,
103621,,1475094.726,1030756.812,,,2_stop,240,
103622,,1477911.169,1030694.449,,,2_stop,237,
103623,,1475391.771,1040602.359,,,none,291,
103624,,1480716.065,1040962.592,,,2_stop,292,
103625,,1474920.554,998967.25,,,4_stop,212,
103626,,1480233.918,998896.188,,,none,212,
103627,,1475251.7,1033420.762,,,none,289,
103628,,1477205.776,1033353.114,,,none,290,
103629,,1474847.912,991106.875,,,2_stop,212,
103630,,1456567.303,1044270.321,,,none,261,
103631,,1460167.464,1001804.481,,,none,232,
103632,,1460385.223,1011978.781,,,none,232,
103633,,1474970.014,1006844.209,,,none,231,
103634,,1480324.725,1006790.184,,,none,213,
103635,,1480137.312,992025.125,,,none,212,
103636,,1475237.772,1032827.265,,,2_stop,289,
103637,,1477776.587,1031202.287,,,2_stop,284,
103638,,1455643.356,1042352.98,,,none,0,
103639,,1474721.343,983182.438,,,none,214,
103640,,1457557.861,1041087.902,,,2_stop,254,
103641,,1473331.91,991137.562,,,none,215,
103642,,1474969.906,1006740.333,,,none,231,
103643,,1456715.792,1041101.491,,,4_stop,252,
103644,,1475376.174,1038563.626,,,2_stop,291,
103645,,1480640.056,1038473.058,,,2_stop,293,
103646,,1480638.803,1038394.714,,,2_stop,293,
103647,,1453383.919,1007147.016,,,none,242,
103648,,1457547.353,1040695.903,,,2_stop,253,
103649,,1453995.798,992225.438,,,none,223,
103650,,1464166.398,985983.875,,,none,218,
103651,,1491054.205,1021171.411,,,none,161,
103652,,1447785.542,988732.0,,,none,224,
103653,,1483557.001,1022179.431,,,none,239,
103654,,1452882.71,988677.563,,,none,225,
103655,,1455721.964,988614.875,,,none,218,
103656,,1469469.476,985923.5,,,none,214,
103657,,1469542.179,991213.875,,,2_stop,214,
103658,,1480487.482,1027173.622,,,none,237,
103659,,1457921.457,1009737.022,,,none,241,
103660,,1457561.937,988574.312,,,none,218,
103661,,1464203.456,988622.625,,,none,218,
103662,,1451328.093,984697.75,,,none,218,
103663,,1453032.163,988674.438,,,2_stop,218,
103664,,1455839.445,994798.062,,,none,226,
103665,,1458784.824,1001818.026,,,none,241,
103666,,1453282.11,1001878.956,,,2_stop,226,
103667,,1456694.691,991350.812,,,none,219,
103668,,1457481.779,991347.125,,,none,219,
103669,,1474770.522,985789.313,,,none,210,
103670,,1460314.382,1006629.719,,,none,232,
103671,,1449556.885,1009817.125,,,none,242,
103672,,1451280.13,983369.5,,,none,0,
103674,,1453318.368,1004515.287,,,none,242,
103676,,1453238.192,999247.562,,,none,226,
103678,,1456108.776,1013402.958,,,none,243,
103679,,1458125.021,1040690.241,,,none,255,
103680,,1456728.039,1040889.688,,,none,252,
103681,,1442699.229,1002070.65,,,none,0,
103682,,1445311.906,1002023.544,,,none,226,
103683,,1446546.634,994064.688,,,none,225,
103684,,1450501.681,993980.0,,,none,225,
103687,,1457140.158,1041086.789,,,none,253,
103688,,1445215.995,994093.188,,,none,225,
103689,,1457122.24,1040698.561,,,none,253,
103690,,1453185.9,993973.062,,,none,226,
103691,,1455838.166,993896.0,,,none,221,
103692,,1458107.742,1041074.844,,,none,255,
103693,,1457570.196,1041749.764,,,none,254,
103694,,1456716.093,1041684.063,,,none,252,
103695,,1454060.026,990664.188,,,none,219,
103696,,1454222.128,991061.375,,,none,219,
103697,,1454587.198,991955.625,,,signal,219,
103698,,1454701.511,992309.0,,,none,223,
103699,,1455513.763,991585.625,,,none,221,
103700,,1457098.349,1042329.12,,,none,262,
103701,,1453324.412,989248.0,,,none,219,
103702,,1453226.997,989056.812,,,none,222,
103703,,1456719.772,1040701.176,,,none,252,
103704,,1464129.539,983341.062,,,none,0,
103705,,1469432.874,983251.562,,,4_stop,0,
103706,,1464291.498,993916.375,,,none,215,
103707,,1464344.871,1001714.141,,,none,215,
103708,,1467780.619,999031.063,,,none,215,
103709,,1465530.602,1001697.571,,,none,215,
103710,,1467011.518,1004332.963,,,none,216,
103711,,1464256.34,991289.562,,,2_stop,217,
103712,,1468390.901,991230.313,,,none,214,
103713,,1464283.922,993388.75,,,none,217,
103714,,1459057.399,991342.688,,,none,217,
103715,,1456712.187,1040574.118,,,none,252,
103716,,1456124.024,1040240.616,,,none,252,
103717,,1469580.15,993800.938,,,none,215,
103718,,1474884.524,995087.375,,,none,212,
103719,,1471816.181,991167.938,,,none,214,
103720,,1471336.426,999003.875,,,none,216,
103721,,1474938.113,1001649.357,,,none,216,
103722,,1458753.106,1012002.875,,,none,241,
103723,,1473926.052,1035578.984,,,none,289,
103724,,1469986.436,1036120.13,,,none,285,
103725,,1457310.965,1031005.199,,,none,247,
103726,,1459050.847,1030975.873,,,none,247,
103727,,1456355.977,1025577.246,,,none,245,
103728,,1460411.346,1025428.162,,,none,240,
103729,,1456194.816,1017682.944,,,none,243,
103730,,1458845.552,1017695.122,,,none,243,
103731,,1464601.31,1030896.531,,,none,240,
103732,,1464715.533,1035944.433,,,none,284,
103733,,1467254.388,1030862.506,,,none,240,
103734,,1467386.6,1037441.7,,,none,284,
103735,,1474058.312,1034919.118,,,none,289,
103736,,1473098.962,1038062.641,,,none,289,
103737,,1472585.558,1035976.926,,,2_stop,289,
103738,,1472605.692,1034410.258,,,2_stop,284,
103739,,1459195.462,1040692.508,,,none,270,
103740,,1460538.363,1033558.368,,,none,283,
103741,,1460585.064,1036278.457,,,none,282,
103742,,1459219.738,1042331.583,,,none,265,
103743,,1458042.042,1042329.12,,,none,262,
103744,,1458549.726,1041928.946,,,none,256,
103745,,1458675.153,1041283.89,,,none,259,
103746,,1448401.127,1031154.377,,,none,0,
103747,,1453707.09,1031075.153,,,2_stop,0,
103748,,1448216.972,1017816.661,,,none,244,
103749,,1448338.062,1025780.689,,,none,246,
103750,,1453702.914,1025613.875,,,4_stop,246,
103751,,1450255.398,1017775.43,,,none,244,
103753,,1445749.678,1025824.106,,,none,248,
103754,,1453579.815,1017671.039,,,2_stop,244,
103756,,1445812.738,1031197.435,,,none,0,
103758,,1446816.819,1025806.189,,,none,248,
103759,,1456347.036,1031021.286,,,none,247,
103760,,1460322.316,1017529.843,,,none,243,
103761,,1467749.156,1017442.362,,,none,233,
103762,,1472070.218,1020045.444,,,none,233,
103763,,1472245.705,1023987.619,,,none,239,
103764,,1467086.669,1012189.455,,,none,232,
103765,,1464751.917,1020130.929,,,none,234,
103767,,1467296.205,1016947.705,,,none,233,
103768,,1469310.764,1020053.358,,,2_stop,234,
103771,,1464876.331,1030898.279,,,none,240,
103772,,1460337.9,1020178.321,,,none,234,
103773,,1460383.77,1024112.148,,,none,245,
103774,,1460383.496,1012221.204,,,none,232,
103775,,1460278.532,1017706.784,,,none,243,
103776,,1460512.926,1030944.294,,,2_stop,240,
103777,,1469777.671,1012137.481,,,none,231,
103778,,1458663.208,1040871.77,,,none,258,
103779,,1472736.457,1020043.162,,,none,233,
103780,,1475121.612,1015456.611,,,none,233,
103781,,1475112.27,1014772.283,,,none,233,
103783,,1469917.578,1030835.851,,,none,284,
103784,,1472526.108,1033441.532,,,none,284,
103785,,1467481.126,1030859.418,,,none,240,
103786,,1472946.352,1026020.006,,,none,240,
103787,,1472833.871,1025473.667,,,none,239,
103788,,1477190.698,1035576.152,,,none,290,
103789,,1480554.501,1035465.943,,,none,290,
103790,,1479036.054,1033340.118,,,none,290,
103791,,1464857.058,1042044.894,,,none,286,
103792,,1467113.379,1042064.759,,,none,287,
103793,,1464755.028,1037697.64,,,none,284,
103794,,1464857.665,1039314.712,,,none,286,
103795,,1467392.248,1037723.349,,,none,285,
103796,,1462307.925,1046699.463,,,none,0,
103797,,1464966.178,1046373.446,,,none,288,
103798,,1467599.934,1043042.09,,,none,288,
103799,,1464663.675,1046743.329,,,none,0,
103800,,1464611.975,1046677.302,,,none,0,
103801,,1464910.649,1046309.683,,,none,288,
103802,,1467213.633,1043377.897,,,none,288,
103803,,1462228.868,1042087.806,,,signal,265,
103804,,1463653.044,1041979.889,,,signal,287,
103805,,1461631.423,1038138.799,,,none,280,
103806,,1463090.053,1037889.091,,,none,280,
103807,,1462241.81,1040841.284,,,none,274,
103808,,1463749.215,1039999.026,,,none,286,
103809,,1464065.175,1039812.214,,,none,286,
103810,,1459393.75,1041063.548,,,signal,268,
103811,,1459388.7,1042296.427,,,signal,265,
103812,,1460475.907,1040686.853,,,signal,278,
103813,,1459446.119,1045249.991,,,none,263,
103814,,1490811.031,996613.375,,,none,211,
103815,,1460115.0,1041060.0,,,signal,269,
103816,,1460481.043,1041048.343,,,signal,278,
103817,,1460124.511,1040681.243,,,4_stop,273,
103818,,1460622.732,1038145.428,,,none,280,
103819,,1460635.417,1038449.978,,,4_stop,280,
103820,,1459354.127,1038521.173,,,4_stop,279,
103821,,1459374.135,1039951.464,,,4_stop,279,
103822,,1458788.635,1042323.147,,,none,262,
103823,,1459380.833,1040375.252,,,none,272,
103824,,1459201.041,1041061.279,,,none,268,
103825,,1459385.587,1040690.092,,,signal,270,
103826,,1458848.363,1041546.69,,,none,259,
103827,,1460621.204,1037825.057,,,none,282,
103828,,1461186.79,1042268.964,,,none,265,
103829,,1462240.881,1044598.762,,,none,265,
103830,,1459476.211,1046726.751,,,none,0,
103831,,1464549.58,1039508.281,,,none,286,
103832,,1463965.677,1042027.156,,,none,287,
103833,,1526710.659,1031116.631,,,none,303,
103834,,1473898.794,1040735.752,,,none,291,
103835,,1471754.809,1046592.196,,,none,288,
103836,,1473094.157,1041031.634,,,none,288,
103837,,1469536.455,1042035.934,,,none,288,
103838,,1470000.493,1037199.512,,,none,285,
103839,,1468262.806,1042183.148,,,none,288,
103840,,1469319.094,1040812.978,,,none,288,
103841,,1470749.732,1039301.989,,,none,288,
103842,,1472944.933,1038615.733,,,2_stop,288,
103843,,1468180.104,1042144.708,,,none,288,
103844,,1469059.126,1040990.95,,,none,286,
103845,,1471418.59,1038817.003,,,none,289,
103846,,1472989.159,1038514.617,,,2_stop,288,
103847,,1468853.341,1042037.192,,,none,288,
103848,,1467757.174,1042048.932,,,none,287,
103849,,1467952.764,1037400.463,,,none,285,
103850,,1529673.329,1035427.598,,,none,302,
103851,,1458854.335,1041062.898,,,none,258,
103852,,1560050.379,1042457.469,,,none,321,
103853,,1468137.184,1042047.15,,,none,287,
103854,,1468469.195,1042039.774,,,none,288,
103855,,1473408.193,1040912.777,,,none,288,
103856,,1472832.557,1039174.926,,,none,288,
103857,,1475365.925,1039124.436,,,none,291,
103858,,1480003.959,983112.75,,,none,0,
103859,,1482676.51,983494.5,,,none,210,
103860,,1482804.612,992242.25,,,none,210,
103861,,1488011.619,984922.688,,,none,209,
103862,,1488093.616,992751.75,,,none,211,
103863,,1485351.91,984230.0,,,2_stop,209,
103864,,1485417.216,992229.25,,,2_stop,212,
103865,,1485342.198,983021.938,,,none,0,
103866,,1481113.465,983098.438,,,none,0,
103867,,1458854.335,1040686.615,,,none,257,
103868,,1459033.518,1041917.0,,,none,260,
103869,,1459039.491,1041271.944,,,none,259,
103870,,1485526.069,998832.875,,,2_stop,211,
103871,,1485587.45,1006796.669,,,2_stop,228,
103872,,1482860.659,998861.125,,,none,212,
103873,,1481628.026,1006789.209,,,none,213,
103874,,1480551.368,1033292.312,,,4_stop,293,
103875,,1483205.093,1033877.423,,,none,293,
103876,,1483270.868,1038048.948,,,none,293,
103877,,1489852.267,1033201.76,,,none,293,
103878,,1489882.218,1036818.466,,,2_stop,293,
103879,,1493853.89,1033058.742,,,none,294,
103880,,1495517.47,1034055.812,,,none,294,
103881,,1496539.607,1037041.764,,,2_stop,294,
103882,,1507214.369,1035576.183,,,none,297,
103883,,1485868.968,1035869.585,,,none,293,
103884,,1492581.701,1037978.504,,,none,295,
103885,,1496565.278,1038371.697,,,4_stop,295,
103886,,1485844.213,1030601.608,,,2_stop,293,
103887,,1491249.604,1042342.201,,,none,295,
103888,,1495873.385,1043531.883,,,none,295,
103889,,1503001.591,1035612.746,,,2_stop,294,
103890,,1496531.699,1033515.045,,,none,294,
103891,,1497619.652,1035665.096,,,none,294,
103892,,1492255.303,1037629.336,,,2_stop,295,
103893,,1496533.205,1037127.907,,,2_stop,294,
103894,,1492181.387,1037542.171,,,2_stop,294,
103895,,1480854.544,1030651.433,,,none,236,
103896,,1485801.763,1027972.955,,,none,236,
103897,,1481766.055,1022750.73,,,4_stop,239,
103898,,1459039.491,1040859.825,,,none,258,
103899,,1485685.658,1014770.422,,,none,229,
103900,,1484608.613,1021859.048,,,none,239,
103901,,1485735.879,1021246.783,,,none,235,
103902,,1481765.406,1020013.408,,,none,230,
103903,,1485726.506,1020000.772,,,2_stop,229,
103904,,1485773.559,1026225.385,,,2_stop,237,
103905,,1480509.04,1024541.203,,,none,238,
103906,,1481766.152,1023211.082,,,none,238,
103907,,1485732.867,1020315.933,,,2_stop,239,
103908,,1480505.519,1029525.386,,,2_stop,237,
103909,,1456100.901,1042353.011,,,none,0,
103910,,1456612.764,1043420.355,,,none,261,
103911,,1459415.773,1043678.96,,,none,265,
103912,,1482526.845,1022500.834,,,none,239,
103913,,1477990.076,1030397.292,,,none,238,
103914,,1478616.463,1030679.159,,,2_stop,237,
103915,,1480504.871,1030655.342,,,2_stop,236,
103916,,1488399.788,1019995.23,,,none,229,
103917,,1485675.766,1013454.088,,,none,227,
103918,,1486152.702,1020006.762,,,none,229,
103919,,1459395.589,1041921.392,,,none,266,
103920,,1489829.84,1030541.367,,,none,236,
103921,,1488476.66,1030561.85,,,none,293,
103922,,1491153.304,1033198.748,,,none,293,
103923,,1480745.21,1043816.463,,,none,292,
103924,,1554996.773,1050963.538,,,none,322,
103925,,1579233.669,1059206.926,,,none,329,
103926,,1581309.745,1060422.722,,,none,328,
103927,,1483340.994,1040947.57,,,none,292,
103928,,1485962.365,1041522.658,,,none,292,
103929,,1480772.165,1046472.828,,,none,292,
103930,,1483280.418,1038440.966,,,2_stop,292,
103931,,1489461.586,1038315.143,,,2_stop,293,
103932,,1483276.307,1038357.575,,,2_stop,293,
103933,,1489476.556,1038229.563,,,2_stop,293,
103934,,1483299.543,1038784.32,,,none,292,
103935,,1489602.457,1037850.986,,,none,293,
103936,,1489418.21,1038507.338,,,none,292,
103937,,1487276.259,1041835.576,,,none,292,
103938,,1581316.108,1058061.355,,,none,330,
103939,,1488595.832,1042028.167,,,none,292,
103940,,1491864.809,1037185.896,,,none,294,
103941,,1496482.531,1033286.706,,,none,294,
103942,,1501899.225,1044703.113,,,none,295,
103943,,1583624.825,1057774.753,,,none,336,
103944,,1582537.242,1056465.926,,,none,337,
103945,,1459395.589,1041291.801,,,none,268,
103946,,1459395.589,1040859.225,,,none,270,
103947,,1581654.775,1055668.166,,,none,337,
103948,,1499277.511,1046043.649,,,none,295,
103949,,1502031.582,1038850.794,,,none,296,
103950,,1502514.066,1037098.404,,,none,295,
103951,,1502548.115,1037009.197,,,none,294,
103952,,1496584.0,1042949.0,,,none,295,
103953,,1502208.37,1038222.382,,,none,296,
103954,,1496586.352,1043327.041,,,none,295,
103955,,1499550.668,1041724.284,,,none,295,
103956,,1501553.924,1040828.005,,,none,295,
103957,,1501740.901,1040746.509,,,none,295,
103958,,1501940.955,1040683.359,,,2_stop,296,
103959,,1496588.203,1043805.962,,,none,295,
103960,,1502062.712,1040636.981,,,none,296,
103961,,1502568.842,1037051.821,,,none,294,
103962,,1502891.4,1035998.977,,,none,297,
103963,,1460110.839,1041912.826,,,none,267,
103964,,1501930.067,1039863.077,,,none,296,
103965,,1460110.839,1041304.65,,,none,269,
103966,,1460123.688,1040850.659,,,none,271,
103967,,1460470.605,1041912.826,,,none,267,
103968,,1460479.171,1041266.104,,,none,274,
103969,,1460479.171,1040824.962,,,none,278,
103970,,1501624.424,1046021.91,,,none,295,
103971,,1507244.876,1036824.013,,,none,297,
103972,,1507245.487,1037786.998,,,none,296,
103973,,1503611.964,1040116.4,,,none,296,
103974,,1459733.941,1040675.059,,,none,273,
103975,,1545654.614,1040521.693,,,none,310,
103976,,1549630.915,1040523.241,,,4_stop,310,
103977,,1460740.43,1041553.06,,,none,274,
103978,,1548717.419,979925.313,,,none,73,
103979,,1545802.364,1051083.231,,,none,308,
103980,,1549735.874,1051124.493,,,none,308,
103981,,1551339.886,974541.938,,,none,73,
103982,,1545959.343,970109.0,,,none,91,
103983,,1548604.491,969924.938,,,none,91,
103984,,1556988.071,1003548.71,,,none,356,
103985,,1557040.333,1010197.866,,,none,355,
103986,,1559624.715,1003549.952,,,none,356,
103987,,1559688.324,1010122.38,,,none,355,
103988,,1563628.414,1006153.44,,,none,355,
103989,,1563667.046,1010082.096,,,none,355,
103990,,1572905.338,1008901.051,,,none,351,
103991,,1572998.156,1014175.192,,,none,350,
103992,,1578219.957,1008861.676,,,none,351,
103993,,1578293.352,1014152.524,,,none,350,
103994,,1545576.952,1035229.214,,,2_stop,311,
103995,,1549530.554,1035213.648,,,2_stop,311,
103996,,1545737.625,1045819.232,,,2_stop,308,
103997,,1549702.481,1045799.102,,,2_stop,310,
103998,,1566296.496,1009352.668,,,none,354,
103999,,1463788.153,1041543.417,,,none,275,
104000,,1566341.47,1011477.865,,,none,352,
104001,,1570244.69,1008868.185,,,4_stop,352,
104002,,1570301.959,1011543.163,,,none,350,
104003,,1463815.975,1040296.059,,,none,286,
104004,,1578066.835,998299.875,,,none,358,
104005,,1568057.879,1008556.124,,,none,352,
104006,,1545501.218,1032537.328,,,2_stop,311,
104007,,1549502.71,1032495.805,,,2_stop,312,
104008,,1545487.467,1032444.617,,,2_stop,311,
104009,,1549501.25,1032408.718,,,2_stop,311,
104010,,1530083.658,1040679.254,,,none,301,
104011,,1581298.947,1054010.788,,,none,338,
104012,,1533614.135,1033555.595,,,none,302,
104013,,1533644.738,1035393.897,,,none,302,
104014,,1545538.81,1032893.52,,,none,311,
104015,,1533224.184,1056578.319,,,none,306,
104016,,1582236.429,1055651.381,,,none,337,
104017,,1533649.144,1051245.221,,,none,305,
104018,,1583642.652,1056068.04,,,none,335,
104019,,1532845.853,1048605.321,,,none,305,
104020,,1528220.131,1035437.12,,,signal,302,
104021,,1531937.26,1035416.012,,,none,304,
104022,,1538942.775,1033657.713,,,none,303,
104023,,1538968.099,1035324.434,,,2_stop,303,
104024,,1528485.253,1046056.293,,,none,305,
104025,,1531979.719,1046004.826,,,2_stop,305,
104026,,1515536.715,1034347.611,,,none,298,
104027,,1515329.172,1034994.701,,,none,298,
104028,,1527451.282,1033191.215,,,none,302,
104029,,1528073.24,1035019.453,,,none,302,
104030,,1528363.319,1035833.348,,,none,301,
104031,,1514159.911,1034426.183,,,none,297,
104032,,1514470.191,1034238.663,,,none,297,
104033,,1529042.833,1032660.917,,,none,303,
104034,,1533587.432,1032641.564,,,none,303,
104035,,1528904.764,1032603.205,,,none,303,
104036,,1533589.302,1032558.065,,,none,303,
104037,,1516804.383,1033423.283,,,none,300,
104038,,1525737.596,1032715.606,,,none,300,
104039,,1517044.312,1033263.311,,,none,300,
104040,,1525333.558,1032633.467,,,none,300,
104041,,1516039.144,1032737.304,,,none,297,
104042,,1515615.455,1033895.309,,,none,298,
104043,,1515606.911,1033805.799,,,none,297,
104044,,1515886.379,1033245.982,,,none,297,
104045,,1515707.606,1033816.367,,,none,297,
104046,,1527064.687,1032089.27,,,none,303,
104047,,1527245.166,1032619.692,,,none,303,
104048,,1527231.055,1032698.671,,,none,300,
104049,,1527240.627,1032660.595,,,none,303,
104050,,1515214.469,1040728.074,,,none,298,
104051,,1562294.481,1013872.757,,,none,345,
104052,,1566319.206,1008642.174,,,none,354,
104053,,1570196.854,1006222.884,,,none,353,
104054,,1515173.71,1035505.622,,,2_stop,298,
104055,,1523067.642,1035464.639,,,none,299,
104056,,1514634.017,1035728.281,,,none,298,
104057,,1554441.729,1006938.43,,,none,378,
104058,,1525694.689,1035450.758,,,none,301,
104059,,1529158.411,1038085.023,,,none,301,
104060,,1527817.913,1035439.47,,,none,302,
104061,,1561333.659,998241.5,,,none,357,
104062,,1579036.853,977748.938,,,none,372,
104063,,1581845.005,970242.063,,,none,372,
104064,,1538891.126,1032714.586,,,none,303,
104065,,1538895.504,1032631.043,,,none,303,
104066,,1538914.765,1031754.128,,,none,303,
104067,,1534393.276,1032633.387,,,none,303,
104068,,1537791.002,1032628.183,,,none,303,
104069,,1534569.032,1032550.148,,,none,303,
104070,,1537315.291,1032513.554,,,none,303,
104071,,1533618.044,1032602.761,,,none,303,
104072,,1538933.78,1032667.198,,,none,311,
104073,,1545525.613,1032097.349,,,none,311,
104074,,1460108.228,1038457.941,,,none,281,
104075,,1539040.485,1040582.744,,,none,304,
104076,,1545770.175,1048461.975,,,none,308,
104077,,1539222.629,1053738.914,,,none,306,
104078,,1545834.786,1053750.785,,,none,308,
104079,,1539166.333,1048516.293,,,none,306,
104080,,1539128.713,1045892.953,,,2_stop,306,
104081,,1539189.051,1050626.692,,,none,306,
104082,,1533798.746,1045978.209,,,none,306,
104083,,1533642.784,1053882.84,,,none,305,
104084,,1533204.6,1056676.711,,,none,306,
104086,,1569720.75,979667.75,,,none,362,
104087,,1556969.027,985506.563,,,none,367,
104088,,1558548.995,991788.625,,,none,365,
104089,,1560515.097,984106.313,,,none,366,
104090,,1563244.668,988968.938,,,none,364,
104091,,1564566.833,988954.5,,,none,364,
104092,,1569867.947,988930.375,,,4_stop,364,
104094,,1569753.234,982317.813,,,none,364,
104096,,1575186.388,987574.375,,,4_stop,362,
104098,,1563590.401,1003564.555,,,none,355,
104099,,1568767.606,1003559.674,,,4_stop,356,
104100,,1564629.726,992938.75,,,none,365,
104101,,1569926.629,992912.188,,,2_stop,364,
104102,,1562997.678,971720.375,,,none,370,
104103,,1568259.421,971713.0,,,none,371,
104104,,1563385.286,969121.062,,,none,369,
104105,,1569994.758,969071.188,,,2_stop,369,
104106,,1578338.535,979630.438,,,none,361,
104108,,1563058.38,978488.188,,,none,370,
104109,,1563526.936,998237.562,,,none,357,
104110,,1570008.835,998266.875,,,none,357,
104111,,1574427.384,988322.813,,,none,363,
104112,,1558145.152,984253.625,,,none,367,
104113,,1559030.226,972908.438,,,none,368,
104114,,1551408.749,980810.062,,,none,73,
104115,,1558490.669,983652.813,,,none,367,
104116,,1552145.853,971857.5,,,none,91,
104118,,1559067.133,977085.125,,,none,367,
104119,,1557676.668,985017.5,,,none,367,
104121,,1559020.128,971798.188,,,2_stop,368,
104122,,1553843.636,969177.688,,,none,91,
104123,,1558996.641,969155.25,,,2_stop,368,
104124,,1551908.996,969663.875,,,none,91,
104125,,1559010.666,970709.75,,,none,368,
104127,,1559115.686,982618.5,,,none,367,
104128,,1558668.151,984717.0,,,none,366,
104130,,1558056.807,984397.938,,,none,367,
104131,,1558370.176,984561.5,,,none,366,
104133,,1557874.167,984695.75,,,none,367,
104138,,1559310.631,992966.5,,,none,365,
104139,,1559385.103,998234.938,,,none,357,
104140,,1556909.016,998235.812,,,none,357,
104141,,1559273.644,992909.125,,,none,365,
104143,,1561967.0,992953.063,,,none,365,
104146,,1563589.022,1003462.164,,,none,356,
104148,,1569602.659,969687.875,,,none,369,
104149,,1569658.149,974376.25,,,none,372,
104151,,1574738.019,969067.313,,,none,372,
104152,,1574880.126,969066.875,,,none,372,
104155,,1580160.162,969008.938,,,none,372,
104157,,1573624.651,1003591.165,,,none,351,
104158,,1573076.915,992903.063,,,2_stop,360,
104159,,1575209.498,992876.375,,,none,360,
104160,,1570906.744,998261.75,,,2_stop,357,
104161,,1574246.766,1008875.137,,,none,351,
104162,,1572179.401,988933.438,,,none,362,
104163,,1573614.462,991575.625,,,none,360,
104164,,1573703.167,988935.25,,,none,363,
104165,,1574473.947,990594.063,,,none,360,
104166,,1570174.069,1003561.3,,,2_stop,358,
104167,,1569830.757,1000924.078,,,none,358,
104168,,1567119.273,1007919.141,,,none,354,
104169,,1571564.897,1008884.378,,,none,351,
104170,,1567118.613,1008620.742,,,none,354,
104171,,1560135.424,1051160.777,,,none,322,
104173,,1560115.678,1048531.668,,,none,322,
104175,,1566540.984,1027419.115,,,2_stop,347,
104176,,1570515.068,1027435.716,,,2_stop,347,
104177,,1554775.323,1032906.945,,,none,312,
104178,,1554801.45,1035288.034,,,2_stop,312,
104181,,1566436.201,1018145.722,,,2_stop,346,
104182,,1566450.619,1020177.011,,,none,347,
104183,,1566622.223,1033556.322,,,none,314,
104184,,1566632.569,1035301.645,,,2_stop,318,
104185,,1578506.096,1032563.297,,,none,341,
104186,,1578528.841,1035351.548,,,none,341,
104187,,1581188.867,1032956.034,,,none,342,
104188,,1566738.616,1035302.856,,,none,318,
104189,,1549508.455,1032755.948,,,none,312,
104190,,1566487.638,1056476.611,,,none,323,
104191,,1568080.134,1056483.462,,,none,323,
104192,,1565382.372,1045885.592,,,none,323,
104193,,1568038.602,1045904.102,,,none,323,
104194,,1565107.723,1018153.995,,,none,346,
104195,,1570621.776,1033581.992,,,none,341,
104196,,1570609.457,1035346.99,,,2_stop,341,
104197,,1563185.46,1010426.659,,,2_stop,355,
104198,,1566343.551,1011590.087,,,2_stop,352,
104199,,1563888.274,1032683.404,,,none,314,
104200,,1565996.115,1034871.232,,,none,318,
104201,,1559993.562,1033781.515,,,none,315,
104202,,1560003.616,1035260.412,,,4_stop,315,
104203,,1575906.973,1036672.644,,,none,341,
104204,,1560077.487,1033394.159,,,none,317,
104205,,1563297.36,1033890.655,,,none,317,
104206,,1566115.331,1040107.996,,,none,320,
104207,,1570548.082,1043676.728,,,none,320,
104208,,1564075.653,1033740.64,,,none,318,
104209,,1565152.168,1033799.055,,,none,318,
104210,,1566775.825,1033622.01,,,none,314,
104211,,1566162.575,1040051.105,,,none,319,
104212,,1570557.254,1043592.386,,,none,319,
104213,,1564852.024,1033076.765,,,none,314,
104214,,1566781.132,1033538.823,,,none,314,
104215,,1560078.751,1033319.056,,,none,317,
104216,,1563445.796,1033893.351,,,none,317,
104217,,1566944.049,1033684.548,,,none,318,
104218,,1565512.605,1034312.623,,,none,318,
104219,,1563761.981,1032732.102,,,none,317,
104220,,1558482.395,1019372.285,,,none,344,
104221,,1554709.874,1027296.875,,,2_stop,49,
104222,,1559892.064,1027249.906,,,2_stop,344,
104224,,1557115.876,1015717.219,,,none,345,
104226,,1559764.358,1016978.961,,,none,345,
104227,,1560949.524,1019358.198,,,none,344,
104228,,1560299.116,1022006.489,,,none,344,
104229,,1556355.269,1030481.473,,,none,313,
104230,,1557854.773,1031922.363,,,none,313,
104231,,1558769.562,1010148.709,,,none,355,
104232,,1556635.776,1032582.811,,,none,315,
104233,,1558381.712,1033342.471,,,none,315,
104234,,1556501.181,1032429.396,,,none,315,
104235,,1560026.944,1032402.143,,,none,317,
104236,,1556399.015,1032345.428,,,none,315,
104237,,1560039.384,1032316.287,,,none,317,
104238,,1556651.345,1032502.733,,,none,315,
104239,,1558164.584,1033237.056,,,none,315,
104240,,1553355.556,1030456.395,,,none,311,
104241,,1553164.888,1027279.852,,,none,49,
104242,,1554748.435,1028873.696,,,none,313,
104244,,1554015.642,1032458.464,,,none,312,
104245,,1554004.973,1032366.062,,,none,311,
104247,,1554761.925,1030474.992,,,none,313,
104248,,1554761.434,1031482.422,,,none,311,
104250,,1556201.951,1032248.81,,,none,311,
104251,,1554772.332,1032441.917,,,2_stop,312,
104252,,1554763.153,1032355.687,,,2_stop,311,
104254,,1556258.334,1032192.479,,,none,311,
104255,,1554177.523,1030482.121,,,none,311,
104256,,1554669.986,1030474.327,,,none,313,
104259,,1554766.799,1032057.482,,,none,311,
104261,,1561442.089,1017352.15,,,4_stop,345,
104262,,1563229.962,1010094.64,,,none,355,
104264,,1563896.487,1027374.666,,,none,347,
104266,,1559940.036,1029981.604,,,none,313,
104267,,1561464.15,1032400.93,,,none,317,
104268,,1559995.807,1032140.227,,,none,314,
104270,,1560001.343,1032885.496,,,none,317,
104273,,1559995.499,1032358.555,,,none,317,
104274,,1560006.781,1033353.764,,,none,317,
104275,,1565194.951,1027407.263,,,none,347,
104279,,1554872.297,1040654.614,,,none,321,
104280,,1554919.97,1045841.205,,,none,312,
104281,,1565350.768,1041886.242,,,none,320,
104282,,1557368.898,1035274.094,,,none,315,
104283,,1559318.778,1035263.962,,,none,315,
104284,,1549726.948,1047076.959,,,none,308,
104285,,1554919.184,1045977.537,,,none,322,
104286,,1560088.583,1045892.851,,,2_stop,322,
104287,,1560015.929,1036589.474,,,none,321,
104296,,1566649.177,1039122.957,,,none,319,
104297,,1566230.535,1040129.104,,,none,319,
104298,,1566655.091,1039755.541,,,none,319,
104299,,1561796.232,1035283.296,,,none,317,
104300,,1562677.967,1036562.504,,,none,317,
104301,,1565318.606,1039893.038,,,none,320,
104302,,1562662.332,1035292.907,,,none,317,
104303,,1564881.988,1038908.33,,,none,320,
104304,,1564929.173,1038847.793,,,none,318,
104305,,1561693.782,1035282.047,,,none,317,
104306,,1560362.198,1035265.124,,,none,316,
104307,,1564762.848,1035302.987,,,none,318,
104308,,1564453.874,1035301.42,,,signal,318,
104309,,1563984.532,1035311.928,,,none,318,
104310,,1564978.441,1035282.01,,,none,318,
104311,,1564116.642,1036684.246,,,none,318,
104312,,1564031.432,1036636.055,,,none,318,
104313,,1563546.338,1035297.156,,,signal,317,
104314,,1563948.047,1035366.826,,,none,317,
104315,,1564015.483,1035359.903,,,none,318,
104316,,1565947.847,1035214.569,,,none,318,
104317,,1565961.148,1035312.815,,,signal,318,
104318,,1575796.802,1027438.933,,,none,348,
104319,,1575697.678,1020211.95,,,none,349,
104320,,1578386.399,1021022.35,,,none,349,
104321,,1578464.32,1027436.899,,,none,348,
104322,,1570406.281,1018688.32,,,2_stop,349,
104323,,1570628.262,1033572.047,,,none,341,
104324,,1570622.211,1033487.585,,,none,343,
104325,,1578502.747,1032455.1,,,none,341,
104326,,1566369.081,1013402.163,,,none,346,
104327,,1570344.449,1013533.557,,,2_stop,350,
104328,,1572417.201,1014178.554,,,none,350,
104329,,1570549.814,1030035.688,,,none,343,
104331,,1570628.151,1033495.509,,,none,341,
104332,,1567492.522,1033634.556,,,none,314,
104335,,1581186.213,1032820.49,,,none,342,
104337,,1577680.134,1051241.278,,,none,339,
104338,,1575949.819,1040633.134,,,none,341,
104339,,1575976.963,1045936.291,,,2_stop,340,
104340,,1570644.478,1043022.038,,,none,319,
104341,,1575892.594,1035334.508,,,none,341,
104342,,1582796.345,1056170.529,,,none,338,
104343,,1572771.085,1045944.591,,,none,340,
104344,,1570660.026,1044398.081,,,none,320,
104345,,1570662.992,1045922.309,,,4_stop,339,
104346,,1571702.056,1045486.625,,,none,320,
104347,,1571398.536,1045924.456,,,none,339,
104348,,1572361.0,1045946.0,,,none,339,
104349,,1575989.696,1049563.812,,,none,339,
104350,,1576055.794,1048259.007,,,none,340,
104351,,1571440.04,1044601.082,,,none,341,
104352,,1572595.735,1045845.313,,,none,320,
104353,,1580026.287,1052049.92,,,none,340,
104354,,1571520.957,1044590.683,,,none,341,
104355,,1572680.895,1045823.553,,,none,341,
104356,,1580104.313,1051997.313,,,none,340,
104357,,1570650.517,1043766.217,,,none,320,
104359,,1570682.475,1051193.208,,,none,323,
104360,,1570668.207,1048560.376,,,none,323,
104362,,1570667.341,1048193.351,,,none,323,
104363,,1572405.619,1046071.392,,,none,339,
104364,,1574991.35,1048573.538,,,none,339,
104366,,1581310.394,1052134.222,,,none,340,
104367,,1581283.796,1050846.904,,,none,340,
104368,,1580382.274,1053844.224,,,none,339,
104369,,1581292.238,1054727.833,,,none,337,
104370,,1581325.13,1052460.209,,,none,340,
104371,,1581245.176,1052995.058,,,none,340,
104372,,1581269.659,1052914.856,,,none,340,
104373,,1581334.68,1053254.643,,,signal,338,
104374,,1581323.856,1052984.726,,,none,340,
104375,,1581311.26,1052314.994,,,none,340,
104376,,1581748.514,1055165.438,,,none,337,
104379,,1535982.262,1059132.564,,,none,306,
104380,,1539196.782,1061759.452,,,none,306,
104381,,1534314.815,1061808.161,,,none,306,
104382,,1534040.822,1061065.331,,,none,306,
104385,,1570986.556,1062662.214,,,none,325,
104387,,1560435.899,1066967.332,,,none,324,
104389,,1571055.584,1066858.299,,,none,326,
104393,,1581549.263,1062975.561,,,none,326,
104394,,1586779.217,1058894.021,,,none,333,
104395,,1586343.282,1024891.856,,,none,348,
104396,,1586550.131,1040651.446,,,none,0,
104397,,1586686.086,1051246.31,,,none,340,
104398,,1586704.803,1052362.078,,,none,340,
104400,,1586746.0,1054514.0,,,none,375,
104401,,1586706.137,1052521.703,,,none,340,
104402,,1586797.325,1059987.944,,,2_stop,333,
104404,,1586793.21,1059736.873,,,none,333,
104405,,1472581.132,1036183.984,,,none,289,
104408,,1583617.0,1056946.0,,,signal,335,
104409,,1584022.0,1056533.0,,,none,335,
104410,,1583332.243,1057209.095,,,none,336,
104411,,1589183.764,1056496.217,,,none,376,
104412,,1587215.0,1060367.0,,,none,0,
104413,,1586616.659,1045980.95,,,none,0,
104414,,1587108.848,1045971.276,,,none,0,
104415,,1587159.0,1035338.0,,,none,0,
104417,,1587264.0,1032953.0,,,none,0,
104420,,1587563.0,1014171.0,,,none,0,
104421,,1587515.0,1008872.0,,,none,0,
104422,,1587038.0,1003525.0,,,none,0,
104423,,1587229.0,998226.0,,,none,0,
104424,,1574437.0,988955.0,,,none,363,
104425,,1575107.0,987575.0,,,none,362,
104426,,1457503.0,1040335.0,,,none,251,
104427,,1589870.815,1056495.995,,,none,376,
104428,,1590962.211,1056493.685,,,none,377,
104429,,1591718.194,1056497.575,,,none,377,
104430,,1592214.795,1056487.17,,,none,377,
104431,,1589545.116,1055520.1,,,none,377,
104432,,1589128.317,1055213.334,,,none,377,
104433,,1591454.253,1057445.217,,,none,0,
104434,,1591196.554,1057303.679,,,none,0,
104435,,1591922.417,1057847.862,,,none,0,
104436,,1591835.692,1057876.77,,,none,0,
104438,,1531861.679,998457.625,,,none,63,
104439,,1524468.567,1000988.992,,,none,75,
104440,,1524405.246,1001051.586,,,none,9,
104441,,1512658.891,1006550.062,,,none,140,
104442,,1512485.326,1007430.798,,,none,208,
104443,,1531243.411,993559.625,,,none,62,
104444,,1532299.387,993452.125,,,none,69,
104445,,1507167.1,995978.919,,,signal,120,
104446,,1507084.155,999960.306,,,none,192,
104447,,1507167.1,995336.091,,,none,120,
