signal_phase_mvmt_id,timing_phase_id,mvmt_id,link_id,protection
0,10000001,1016,,
1,10000001,1019,,
2,10000002,1017,,
3,10000101,1023,,
4,10000101,1026,,
5,10000102,1024,,
6,10000301,1042,,
7,10000301,1043,,
8,10000302,1042,,
9,10000302,1043,,
10,10000303,1044,,
11,10000303,1045,,
12,10000601,1073,,
13,10000601,1077,,
14,10000602,1074,,
15,10001001,1098,,
16,10001002,1099,,
17,10001002,1100,,
18,10001201,1113,,
19,10001202,1112,,
20,10001301,1116,,
21,10001302,1118,,
22,10001601,1130,,
23,10001601,1134,,
24,10001602,1131,,
25,10002601,1189,,
26,10002601,1191,,
27,10002602,1188,,
28,10002602,1190,,
29,10002801,1215,,
30,10002801,1213,,
31,10002802,1212,,
32,10002901,1219,,
33,10002901,1222,,
34,10002902,1220,,
35,10003301,1250,,
36,10003302,1253,,
37,10003302,1251,,
38,10003401,1257,,
39,10003401,1261,,
40,10003402,1258,,
41,10004201,1310,,
42,10004202,1309,,
43,10004501,1326,,
44,10004501,1325,,
45,10004502,1324,,
46,10005201,1363,,
47,10005202,1362,,
48,10005202,1364,,
49,10005601,1384,,
50,10005601,1388,,
51,10005602,1385,,
52,10007901,1538,,
53,10007901,1539,,
54,10007902,1538,,
55,10007902,1539,,
56,10007903,1540,,
57,10007903,1537,,
58,10007904,1540,,
59,10007904,1537,,
60,10008101,1557,,
61,10008101,1556,,
62,10008102,1555,,
63,10008102,1558,,
64,10008201,1567,,
65,10008201,1568,,
66,10008202,1567,,
67,10008202,1568,,
68,10008203,1570,,
69,10008203,1569,,
70,10008204,1570,,
71,10008204,1569,,
72,10008301,1579,,
73,10008301,1580,,
74,10008302,1582,,
75,10008302,1581,,
76,10008801,1630,,
77,10008801,1632,,
78,10008802,1630,,
79,10008802,1632,,
80,10008803,1631,,
81,10008803,1633,,
82,10008804,1631,,
83,10008804,1633,,
84,10009101,1653,,
85,10009101,1651,,
86,10009102,1650,,
87,10009201,1656,,
88,10009201,1657,,
89,10009202,1659,,
90,10009202,1658,,
91,10009203,1659,,
92,10009203,1658,,
93,10009701,1695,,
94,10009701,1697,,
95,10009702,1695,,
96,10009702,1697,,
97,10009703,1696,,
98,10009703,1698,,
99,10009704,1696,,
100,10009704,1698,,
101,10010701,1791,,
102,10010701,1793,,
103,10010702,1794,,
104,10010702,1792,,
105,10010801,1803,,
106,10010801,1806,,
107,10010802,1803,,
108,10010802,1806,,
109,10010803,1805,,
110,10010803,1804,,
111,10010901,1815,,
112,10010902,1818,,
113,10010902,1816,,
114,10011301,1844,,
115,10011301,1847,,
116,10011302,1844,,
117,10011302,1847,,
118,10011303,1846,,
119,10011303,1845,,
120,10011401,1856,,
121,10011401,1859,,
122,10011402,1856,,
123,10011402,1859,,
124,10011403,1858,,
125,10011403,1857,,
126,10011501,1870,,
127,10011501,1871,,
128,10011502,1870,,
129,10011502,1871,,
130,10011503,1869,,
131,10011503,1868,,
132,10011504,1869,,
133,10011504,1868,,
134,10011801,1892,,
135,10011801,1893,,
136,10011802,1892,,
137,10011802,1893,,
138,10011803,1894,,
139,10011803,1895,,
140,10011901,1906,,
141,10011901,1904,,
142,10011902,1905,,
143,10012001,1913,,
144,10012001,1910,,
145,10012002,1911,,
146,10012301,1924,,
147,10012301,1925,,
148,10012302,1924,,
149,10012302,1925,,
150,10012303,1926,,
151,10012303,1927,,
152,10016801,2317,,
153,10016801,2320,,
154,10016802,2319,,
155,10016802,2318,,
156,10017101,2336,,
157,10017101,2337,,
158,10017102,2336,,
159,10017102,2337,,
160,10017103,2339,,
161,10017103,2338,,
162,10017104,2339,,
163,10017104,2338,,
164,10017301,2352,,
165,10017302,2351,,
166,10017601,2364,,
167,10017601,2363,,
168,10017602,2368,,
169,10017602,2367,,
170,10017603,2365,,
171,10017603,2366,,
172,10017604,2369,,
173,10017604,2370,,
174,10017701,2378,,
175,10017701,2377,,
176,10017702,2378,,
177,10017702,2377,,
178,10017703,2375,,
179,10017703,2376,,
180,10017704,2375,,
181,10017704,2376,,
182,10020401,2535,,
183,10020401,2538,,
184,10020402,2537,,
185,10020402,2536,,
186,10021101,2567,,
187,10021101,2569,,
188,10021102,2567,,
189,10021102,2569,,
190,10021103,2568,,
191,10021103,2566,,
192,10021901,2599,,
193,10021901,2600,,
194,10021902,2597,,
195,10021902,2598,,
196,10022201,2619,,
197,10022201,2620,,
198,10022202,2619,,
199,10022202,2620,,
200,10022203,2622,,
201,10022203,2621,,
202,10022501,2643,,
203,10022501,2642,,
204,10022502,2641,,
205,10023401,2688,,
206,10023401,2686,,
207,10023402,2685,,
208,10023402,2687,,
209,10024001,2712,,
210,10024001,2713,,
211,10024002,2712,,
212,10024002,2713,,
213,10024003,2714,,
214,10024003,2715,,
215,10024901,2756,,
216,10024901,2757,,
217,10024902,2759,,
218,10024902,2758,,
219,10028701,2993,,
220,10028701,2992,,
221,10028702,2996,,
222,10028702,2995,,
223,10028703,2994,,
224,10028704,2997,,
225,10030701,3105,,
226,10030701,3109,,
227,10030702,3107,,
228,10030702,3106,,
229,10050001,3195,,
230,10050001,3194,,
231,10050002,3193,,
232,10054401,3512,,
233,10054401,3514,,
234,10054402,3512,,
235,10054402,3514,,
236,10054403,3515,,
237,10054403,3513,,
238,10054404,3515,,
239,10054404,3513,,
240,10054701,3548,,
241,10054701,3549,,
242,10054702,3548,,
243,10054702,3549,,
244,10054703,3550,,
245,10054703,3551,,
246,10054704,3550,,
247,10054704,3551,,
248,10055501,3613,,
249,10055501,3614,,
250,10055502,3613,,
251,10055502,3614,,
252,10055503,3612,,
253,10055503,3611,,
254,10055504,3612,,
255,10055504,3611,,
256,10055701,3629,,
257,10055701,3630,,
258,10055702,3629,,
259,10055702,3630,,
260,10055703,3632,,
261,10055703,3631,,
262,10055704,3632,,
263,10055704,3631,,
264,10056101,3662,,
265,10056101,3663,,
266,10056102,3662,,
267,10056102,3663,,
268,10056103,3660,,
269,10056103,3661,,
270,10056601,3703,,
271,10056601,3705,,
272,10056602,3702,,
273,10056602,3704,,
274,10056701,3716,,
275,10056701,3715,,
276,10056702,3714,,
277,10057201,3743,,
278,10057201,3744,,
279,10057202,3743,,
280,10057202,3744,,
281,10057203,3742,,
282,10057203,3741,,
283,10057204,3742,,
284,10057204,3741,,
285,10057901,3807,,
286,10057901,3810,,
287,10057902,3807,,
288,10057902,3810,,
289,10057903,3808,,
290,10057903,3809,,
291,10057904,3808,,
292,10057904,3809,,
293,10058101,3825,,
294,10058101,3828,,
295,10058102,3826,,
296,10058102,3827,,
297,10058201,3837,,
298,10058201,3840,,
299,10058202,3839,,
300,10058202,3838,,
301,10058401,3857,,
302,10058401,3858,,
303,10058402,3855,,
304,10058402,3856,,
305,10058801,3885,,
306,10058801,3884,,
307,10058802,3883,,
308,10058901,3891,,
309,10058901,3889,,
310,10058902,3890,,
311,10059201,3909,,
312,10059201,3907,,
313,10059202,3908,,
314,10059301,3916,,
315,10059301,3914,,
316,10059302,3913,,
317,10059501,3923,,
318,10059501,3924,,
319,10059502,3922,,
320,10059502,3921,,
321,10059601,3933,,
322,10059601,3936,,
323,10059602,3934,,
324,10059602,3935,,
325,10060601,3993,,
326,10060601,3996,,
327,10060602,3993,,
328,10060602,3996,,
329,10060603,3995,,
330,10060603,3994,,
331,10060604,3995,,
332,10060604,3994,,
333,10061401,4067,,
334,10061401,4070,,
335,10061402,4067,,
336,10061402,4070,,
337,10061403,4068,,
338,10061403,4069,,
339,10061404,4068,,
340,10061404,4069,,
341,10065001,4343,,
342,10065001,4345,,
343,10065002,4343,,
344,10065002,4345,,
345,10065003,4344,,
346,10065003,4346,,
347,10065004,4344,,
348,10065004,4346,,
349,10065301,4368,,
350,10065301,4370,,
351,10065302,4367,,
352,10065302,4369,,
353,10068001,4545,,
354,10068001,4546,,
355,10068002,4545,,
356,10068002,4546,,
357,10068003,4547,,
358,10068003,4548,,
359,10069001,4619,,
360,10069001,4620,,
361,10069002,4619,,
362,10069002,4620,,
363,10069003,4618,,
364,10069003,4617,,
365,10069201,4641,,
366,10069201,4643,,
367,10069202,4642,,
368,10069202,4644,,
369,10069301,4653,,
370,10069301,4655,,
371,10069302,4656,,
372,10069302,4654,,
373,10069601,4675,,
374,10069601,4677,,
375,10069602,4676,,
376,10069602,4674,,
377,10071401,4808,,
378,10071401,4810,,
379,10071402,4808,,
380,10071402,4810,,
381,10071403,4809,,
382,10071403,4807,,
383,10071404,4809,,
384,10071404,4807,,
385,10073901,4994,,
386,10073901,4993,,
387,10073902,4994,,
388,10073902,4993,,
389,10073903,4995,,
390,10073903,4996,,
391,10073904,4995,,
392,10073904,4996,,
393,10074501,5046,,
394,10074501,5045,,
395,10074502,5044,,
396,10075001,5087,,
397,10075001,5090,,
398,10075002,5087,,
399,10075002,5090,,
400,10075003,5088,,
401,10075003,5089,,
402,10075004,5088,,
403,10075004,5089,,
404,10175701,5361,,
405,10175701,5364,,
406,10175702,5361,,
407,10175702,5364,,
408,10175703,5363,,
409,10175703,5362,,
410,10175801,5373,,
411,10175801,5376,,
412,10175802,5373,,
413,10175802,5376,,
414,10175803,5374,,
415,10175803,5375,,
416,10175804,5374,,
417,10175804,5375,,
418,10176001,5393,,
419,10176001,5394,,
420,10176002,5393,,
421,10176002,5394,,
422,10176003,5391,,
423,10176003,5392,,
424,10176004,5391,,
425,10176004,5392,,
426,10176401,5425,,
427,10176401,5426,,
428,10176402,5425,,
429,10176402,5426,,
430,10176403,5423,,
431,10176403,5424,,
432,10176501,5435,,
433,10176501,5437,,
434,10176502,5435,,
435,10176502,5437,,
436,10176503,5436,,
437,10176503,5438,,
438,10179001,5613,,
439,10179001,5611,,
440,10179002,5614,,
441,10179002,5612,,
442,10179301,5645,,
443,10179301,5643,,
444,10179302,5644,,
445,10179401,5651,,
446,10179401,5652,,
447,10179402,5651,,
448,10179402,5652,,
449,10179403,5650,,
450,10179403,5649,,
451,10179501,5664,,
452,10179501,5662,,
453,10179502,5661,,
454,10179601,5668,,
455,10179601,5669,,
456,10179602,5668,,
457,10179602,5669,,
458,10179603,5667,,
459,10179603,5670,,
460,10179604,5667,,
461,10179604,5670,,
462,10180001,5713,,
463,10180001,5715,,
464,10180002,5713,,
465,10180002,5715,,
466,10180003,5716,,
467,10180003,5714,,
468,10180004,5716,,
469,10180004,5714,,
470,10180101,5727,,
471,10180101,5728,,
472,10180102,5727,,
473,10180102,5728,,
474,10180103,5725,,
475,10180103,5726,,
476,10180401,5745,,
477,10180401,5747,,
478,10180402,5745,,
479,10180402,5747,,
480,10180403,5748,,
481,10180403,5746,,
482,10180901,5791,,
483,10180901,5792,,
484,10180902,5791,,
485,10180902,5792,,
486,10180903,5790,,
487,10180903,5789,,
488,10181101,5804,,
489,10181101,5806,,
490,10181102,5804,,
491,10181102,5806,,
492,10181103,5803,,
493,10181103,5805,,
494,10181104,5803,,
495,10181104,5805,,
496,10181501,5839,,
497,10181501,5841,,
498,10181502,5842,,
499,10181502,5840,,
500,10182101,5905,,
501,10182101,5907,,
502,10182102,5905,,
503,10182102,5907,,
504,10182103,5908,,
505,10182103,5906,,
506,10182104,5908,,
507,10182104,5906,,
508,10182601,5939,,
509,10182601,5941,,
510,10182602,5939,,
511,10182602,5941,,
512,10182603,5942,,
513,10182603,5940,,
514,10183001,5981,,
515,10183001,5982,,
516,10183002,5981,,
517,10183002,5982,,
518,10183003,5983,,
519,10183003,5984,,
520,10183301,6013,,
521,10183302,6014,,
522,10183302,6015,,
523,10183401,6019,,
524,10183401,6020,,
525,10183402,6019,,
526,10183402,6020,,
527,10183403,6022,,
528,10183403,6021,,
529,10183404,6022,,
530,10183404,6021,,
531,10183801,6062,,
532,10183801,6065,,
533,10183802,6062,,
534,10183802,6065,,
535,10183803,6064,,
536,10183803,6063,,
537,10183804,6064,,
538,10183804,6063,,
539,10184101,6092,,
540,10184101,6095,,
541,10184102,6093,,
542,10184102,6094,,
543,10184401,6117,,
544,10184402,6118,,
545,10184402,6116,,
546,10184501,6125,,
547,10184501,6128,,
548,10184502,6125,,
549,10184502,6128,,
550,10184503,6126,,
551,10184503,6127,,
552,10184504,6126,,
553,10184504,6127,,
554,10184701,6149,,
555,10184701,6151,,
556,10184702,6149,,
557,10184702,6151,,
558,10184703,6150,,
559,10184703,6152,,
560,10184704,6150,,
561,10184704,6152,,
562,10184801,6161,,
563,10184801,6164,,
564,10184802,6162,,
565,10184802,6163,,
566,10185301,6208,,
567,10185301,6212,,
568,10185302,6209,,
569,10185501,6223,,
570,10185501,6226,,
571,10185502,6222,,
572,10185701,6235,,
573,10185701,6238,,
574,10185702,6235,,
575,10185702,6238,,
576,10185703,6236,,
577,10185703,6237,,
578,10185704,6236,,
579,10185704,6237,,
580,10186001,6264,,
581,10186001,6261,,
582,10186002,6262,,
583,10186101,6270,,
584,10186101,6267,,
585,10186102,6268,,
586,10186201,6273,,
587,10186201,6274,,
588,10186202,6275,,
589,10186202,6276,,
590,10186301,6285,,
591,10186301,6286,,
592,10186302,6288,,
593,10186302,6287,,
594,10187001,6340,,
595,10187001,6341,,
596,10187002,6340,,
597,10187002,6341,,
598,10187003,6339,,
599,10187101,6349,,
600,10187101,6351,,
601,10187102,6353,,
602,10187102,6355,,
603,10187103,6350,,
604,10187103,6348,,
605,10187104,6354,,
606,10187104,6352,,
607,10187301,6366,,
608,10187301,6368,,
609,10187302,6366,,
610,10187302,6368,,
611,10187303,6369,,
612,10187303,6367,,
613,10187501,6390,,
614,10187501,6391,,
615,10187502,6390,,
616,10187502,6391,,
617,10187503,6392,,
618,10187503,6393,,
619,10187701,6408,,
620,10187701,6407,,
621,10187702,6406,,
622,10188001,6425,,
623,10188001,6428,,
624,10188002,6424,,
625,10188101,6431,,
626,10188101,6433,,
627,10188102,6434,,
628,10188102,6432,,
629,10188301,6457,,
630,10188301,6458,,
631,10188302,6456,,
632,10188302,6455,,
633,10189301,6548,,
634,10189301,6551,,
635,10189302,6549,,
636,10189302,6550,,
637,10189501,6574,,
638,10189501,6575,,
639,10189502,6573,,
640,10189502,6572,,
641,10189701,6592,,
642,10189701,6594,,
643,10189702,6592,,
644,10189702,6594,,
645,10189703,6593,,
646,10189703,6591,,
647,10189704,6593,,
648,10189704,6591,,
649,10189901,6622,,
650,10189901,6624,,
651,10189902,6626,,
652,10189902,6628,,
653,10189903,6625,,
654,10189903,6623,,
655,10189904,6629,,
656,10189904,6627,,
657,10190301,6658,,
658,10190301,6660,,
659,10190302,6658,,
660,10190302,6660,,
661,10190303,6661,,
662,10190303,6659,,
663,10190304,6661,,
664,10190304,6659,,
665,10192301,6816,,
666,10192301,6818,,
667,10192302,6816,,
668,10192302,6818,,
669,10192303,6815,,
670,10192303,6817,,
671,10192501,6835,,
672,10192501,6833,,
673,10192502,6834,,
674,10193001,6865,,
675,10193001,6864,,
676,10193002,6863,,
677,10193301,6881,,
678,10193301,6884,,
679,10193302,6882,,
680,10193302,6883,,
681,10193801,6927,,
682,10193801,6929,,
683,10193802,6927,,
684,10193802,6929,,
685,10193803,6930,,
686,10193803,6928,,
687,10194201,6966,,
688,10194201,6968,,
689,10194202,6970,,
690,10194202,6972,,
691,10194203,6969,,
692,10194203,6967,,
693,10194204,6973,,
694,10194204,6971,,
695,10194501,6988,,
696,10194501,6989,,
697,10194502,6988,,
698,10194502,6989,,
699,10194503,6990,,
700,10194503,6987,,
701,10194504,6990,,
702,10194504,6987,,
703,10195001,7032,,
704,10195001,7031,,
705,10195002,7030,,
706,10196301,7095,,
707,10196301,7094,,
708,10196302,7093,,
709,10197201,7147,,
710,10197201,7148,,
711,10197202,7145,,
712,10197202,7146,,
713,10197301,7158,,
714,10197301,7160,,
715,10197302,7157,,
716,10197302,7159,,
717,10197401,7170,,
718,10197401,7171,,
719,10197402,7172,,
720,10197402,7169,,
721,10197601,7187,,
722,10197601,7190,,
723,10197602,7188,,
724,10197602,7189,,
725,10197603,7188,,
726,10197603,7189,,
727,10199101,7300,,
728,10199101,7299,,
729,10199102,7298,,
730,10199901,7341,,
731,10199901,7342,,
732,10199902,7341,,
733,10199902,7342,,
734,10199903,7343,,
735,10199903,7344,,
736,10201201,7411,,
737,10201201,7412,,
738,10201202,7409,,
739,10201202,7410,,
740,10201401,7427,,
741,10201401,7428,,
742,10201402,7429,,
743,10201402,7430,,
744,10356601,8022,,
745,10356601,8024,,
746,10356602,8023,,
747,10356602,8021,,
748,10356901,8057,,
749,10356901,8060,,
750,10356902,8058,,
751,10356902,8059,,
752,10358001,8124,,
753,10358001,8127,,
754,10358002,8126,,
755,10358002,8125,,
756,10369701,8926,,
757,10369701,8929,,
758,10369702,8927,,
759,10369702,8928,,
760,10380301,9506,,
761,10380301,9507,,
762,10380302,9508,,
763,10380302,9505,,
764,10380401,9519,,
765,10380401,9517,,
766,10380402,9518,,
767,10381001,9558,,
768,10381001,9557,,
769,10381002,9558,,
770,10381002,9557,,
771,10381003,9560,,
772,10381003,9559,,
773,10381004,9560,,
774,10381004,9559,,
775,10381101,9569,,
776,10381101,9570,,
777,10381102,9571,,
778,10381102,9572,,
779,10381201,9583,,
780,10381201,9582,,
781,10381202,9581,,
782,10381202,9584,,
783,10381501,9606,,
784,10381501,9607,,
785,10381502,9609,,
786,10381502,9608,,
787,10381601,9618,,
788,10381601,9619,,
789,10381602,9620,,
790,10381602,9621,,
791,10382501,9682,,
792,10382501,9683,,
793,10382502,9682,,
794,10382502,9683,,
795,10382503,9684,,
796,10382503,9681,,
797,10402001,10869,,
798,10402001,10870,,
799,10402002,10868,,
800,10402002,10871,,
801,10430801,12130,,
802,10430801,12128,,
803,10430802,12127,,
804,10431301,12149,,
805,10431301,12147,,
806,10431302,12148,,
807,10431701,12162,,
808,10431701,12159,,
809,10431702,12160,,
810,10437301,12373,,
811,10437301,12371,,
812,10437302,12370,,
813,10440801,12483,,
814,10440801,12484,,
815,10440802,12485,,
816,10440802,12486,,
817,10444501,12602,,
818,10444501,12601,,
819,10444502,12604,,
820,10444502,12603,,
821,10000001,1018,,
822,10000001,1021,,
823,10000002,1020,,
824,10000101,1025,,
825,10000101,1028,,
826,10000102,1027,,
827,10000302,1046,,
828,10000302,1047,,
829,10000303,1048,,
830,10000303,1049,,
831,10000601,1075,,
832,10000601,1079,,
833,10000602,1076,,
834,10001001,1101,,
835,10001002,1102,,
836,10001002,1103,,
837,10001201,1115,,
838,10001202,1114,,
839,10001301,1117,,
840,10001302,1119,,
841,10001601,1132,,
842,10001601,1136,,
843,10001602,1133,,
844,10002601,1193,,
845,10002601,1195,,
846,10002602,1192,,
847,10002602,1194,,
848,10002801,1218,,
849,10002801,1216,,
850,10002802,1214,,
851,10002901,1221,,
852,10002901,1224,,
853,10002902,1223,,
854,10003301,1252,,
855,10003302,1256,,
856,10003302,1254,,
857,10003401,1259,,
858,10003401,1263,,
859,10003402,1260,,
860,10004201,1312,,
861,10004202,1311,,
862,10004501,1329,,
863,10004501,1328,,
864,10004502,1327,,
865,10005201,1366,,
866,10005202,1365,,
867,10005202,1367,,
868,10005601,1386,,
869,10005601,1390,,
870,10005602,1387,,
871,10007902,1542,,
872,10007902,1543,,
873,10007904,1544,,
874,10007904,1541,,
875,10008101,1561,,
876,10008101,1560,,
877,10008102,1559,,
878,10008102,1562,,
879,10008202,1571,,
880,10008202,1572,,
881,10008204,1574,,
882,10008204,1573,,
883,10008301,1583,,
884,10008301,1584,,
885,10008302,1586,,
886,10008302,1585,,
887,10008802,1634,,
888,10008802,1636,,
889,10008804,1635,,
890,10008804,1637,,
891,10009101,1655,,
892,10009101,1652,,
893,10009102,1654,,
894,10009201,1660,,
895,10009201,1661,,
896,10009203,1663,,
897,10009203,1662,,
898,10009702,1699,,
899,10009702,1701,,
900,10009704,1700,,
901,10009704,1702,,
902,10010701,1795,,
903,10010701,1797,,
904,10010702,1798,,
905,10010702,1796,,
906,10010802,1807,,
907,10010802,1810,,
908,10010803,1809,,
909,10010803,1808,,
910,10010901,1819,,
911,10010902,1820,,
912,10010902,1817,,
913,10011302,1848,,
914,10011302,1851,,
915,10011303,1850,,
916,10011303,1849,,
917,10011402,1860,,
918,10011402,1863,,
919,10011403,1862,,
920,10011403,1861,,
921,10011502,1874,,
922,10011502,1875,,
923,10011504,1873,,
924,10011504,1872,,
925,10011802,1896,,
926,10011802,1897,,
927,10011803,1898,,
928,10011803,1899,,
929,10011901,1908,,
930,10011901,1907,,
931,10011902,1909,,
932,10012001,1914,,
933,10012001,1912,,
934,10012002,1915,,
935,10012302,1928,,
936,10012302,1929,,
937,10012303,1930,,
938,10012303,1931,,
939,10016801,2321,,
940,10016801,2324,,
941,10016802,2323,,
942,10016802,2322,,
943,10017102,2340,,
944,10017102,2341,,
945,10017104,2343,,
946,10017104,2342,,
947,10017301,2353,,
948,10017602,2372,,
949,10017602,2371,,
950,10017604,2373,,
951,10017604,2374,,
952,10017702,2382,,
953,10017702,2381,,
954,10017704,2379,,
955,10017704,2380,,
956,10020401,2539,,
957,10020401,2542,,
958,10020402,2541,,
959,10020402,2540,,
960,10021102,2571,,
961,10021102,2573,,
962,10021103,2572,,
963,10021103,2570,,
964,10021901,2603,,
965,10021901,2604,,
966,10021902,2601,,
967,10021902,2602,,
968,10022202,2623,,
969,10022202,2624,,
970,10022203,2626,,
971,10022203,2625,,
972,10022501,2646,,
973,10022501,2644,,
974,10022502,2645,,
975,10023401,2692,,
976,10023401,2690,,
977,10023402,2689,,
978,10023402,2691,,
979,10024002,2716,,
980,10024002,2717,,
981,10024003,2718,,
982,10024003,2719,,
983,10024901,2760,,
984,10024901,2761,,
985,10024902,2763,,
986,10024902,2762,,
987,10028702,2999,,
988,10028702,2998,,
989,10028704,3000,,
990,10030701,3108,,
991,10030701,3111,,
992,10030702,3110,,
993,10030702,3112,,
994,10050001,3198,,
995,10050001,3196,,
996,10050002,3197,,
997,10054402,3516,,
998,10054402,3518,,
999,10054404,3519,,
1000,10054404,3517,,
1001,10054702,3552,,
1002,10054702,3553,,
1003,10054704,3554,,
1004,10054704,3555,,
1005,10055502,3617,,
1006,10055502,3618,,
1007,10055504,3616,,
1008,10055504,3615,,
1009,10055702,3633,,
1010,10055702,3634,,
1011,10055704,3636,,
1012,10055704,3635,,
1013,10056102,3666,,
1014,10056102,3667,,
1015,10056103,3664,,
1016,10056103,3665,,
1017,10056601,3707,,
1018,10056601,3709,,
1019,10056602,3706,,
1020,10056602,3708,,
1021,10056701,3719,,
1022,10056701,3717,,
1023,10056702,3718,,
1024,10057202,3747,,
1025,10057202,3748,,
1026,10057204,3746,,
1027,10057204,3745,,
1028,10057902,3811,,
1029,10057902,3814,,
1030,10057904,3812,,
1031,10057904,3813,,
1032,10058101,3829,,
1033,10058101,3832,,
1034,10058102,3830,,
1035,10058102,3831,,
1036,10058201,3841,,
1037,10058201,3844,,
1038,10058202,3843,,
1039,10058202,3842,,
1040,10058401,3861,,
1041,10058401,3862,,
1042,10058402,3859,,
1043,10058402,3860,,
1044,10058801,3888,,
1045,10058801,3886,,
1046,10058802,3887,,
1047,10058901,3893,,
1048,10058901,3892,,
1049,10058902,3894,,
1050,10059201,3911,,
1051,10059201,3910,,
1052,10059202,3912,,
1053,10059301,3918,,
1054,10059301,3915,,
1055,10059302,3917,,
1056,10059501,3927,,
1057,10059501,3928,,
1058,10059502,3926,,
1059,10059502,3925,,
1060,10059601,3937,,
1061,10059601,3940,,
1062,10059602,3938,,
1063,10059602,3939,,
1064,10060602,3997,,
1065,10060602,4000,,
1066,10060604,3999,,
1067,10060604,3998,,
1068,10061402,4071,,
1069,10061402,4074,,
1070,10061404,4072,,
1071,10061404,4073,,
1072,10065002,4347,,
1073,10065002,4349,,
1074,10065004,4348,,
1075,10065004,4350,,
1076,10065301,4372,,
1077,10065301,4374,,
1078,10065302,4371,,
1079,10065302,4373,,
1080,10068002,4549,,
1081,10068002,4550,,
1082,10068003,4551,,
1083,10068003,4552,,
1084,10069002,4623,,
1085,10069002,4624,,
1086,10069003,4622,,
1087,10069003,4621,,
1088,10069201,4645,,
1089,10069201,4647,,
1090,10069202,4646,,
1091,10069202,4648,,
1092,10069301,4657,,
1093,10069301,4659,,
1094,10069302,4660,,
1095,10069302,4658,,
1096,10069601,4679,,
1097,10069601,4681,,
1098,10069602,4680,,
1099,10069602,4678,,
1100,10071402,4812,,
1101,10071402,4814,,
1102,10071404,4813,,
1103,10071404,4811,,
1104,10073902,4998,,
1105,10073902,4997,,
1106,10073904,4999,,
1107,10073904,5000,,
1108,10074501,5048,,
1109,10074501,5047,,
1110,10074502,5049,,
1111,10075002,5091,,
1112,10075002,5094,,
1113,10075004,5092,,
1114,10075004,5093,,
1115,10175702,5365,,
1116,10175702,5368,,
1117,10175703,5367,,
1118,10175703,5366,,
1119,10175802,5377,,
1120,10175802,5380,,
1121,10175804,5378,,
1122,10175804,5379,,
1123,10176002,5397,,
1124,10176002,5398,,
1125,10176004,5395,,
1126,10176004,5396,,
1127,10176402,5429,,
1128,10176402,5430,,
1129,10176403,5427,,
1130,10176403,5428,,
1131,10176502,5439,,
1132,10176502,5441,,
1133,10176503,5440,,
1134,10176503,5442,,
1135,10179001,5617,,
1136,10179001,5615,,
1137,10179002,5618,,
1138,10179002,5616,,
1139,10179301,5647,,
1140,10179301,5646,,
1141,10179302,5648,,
1142,10179402,5655,,
1143,10179402,5656,,
1144,10179403,5654,,
1145,10179403,5653,,
1146,10179501,5666,,
1147,10179501,5663,,
1148,10179502,5665,,
1149,10179602,5672,,
1150,10179602,5673,,
1151,10179604,5671,,
1152,10179604,5674,,
1153,10180002,5717,,
1154,10180002,5719,,
1155,10180004,5720,,
1156,10180004,5718,,
1157,10180102,5731,,
1158,10180102,5732,,
1159,10180103,5729,,
1160,10180103,5730,,
1161,10180402,5749,,
1162,10180402,5751,,
1163,10180403,5752,,
1164,10180403,5750,,
1165,10180902,5795,,
1166,10180902,5796,,
1167,10180903,5794,,
1168,10180903,5793,,
1169,10181102,5808,,
1170,10181102,5810,,
1171,10181104,5807,,
1172,10181104,5809,,
1173,10181501,5843,,
1174,10181501,5845,,
1175,10181502,5846,,
1176,10181502,5844,,
1177,10182102,5909,,
1178,10182102,5911,,
1179,10182104,5912,,
1180,10182104,5910,,
1181,10182602,5943,,
1182,10182602,5945,,
1183,10182603,5946,,
1184,10182603,5944,,
1185,10183002,5985,,
1186,10183002,5986,,
1187,10183003,5987,,
1188,10183003,5988,,
1189,10183301,6018,,
1190,10183302,6016,,
1191,10183302,6017,,
1192,10183402,6023,,
1193,10183402,6024,,
1194,10183404,6026,,
1195,10183404,6025,,
1196,10183802,6066,,
1197,10183802,6069,,
1198,10183804,6068,,
1199,10183804,6067,,
1200,10184101,6096,,
1201,10184101,6099,,
1202,10184102,6097,,
1203,10184102,6098,,
1204,10184401,6120,,
1205,10184402,6121,,
1206,10184402,6119,,
1207,10184502,6129,,
1208,10184502,6132,,
1209,10184504,6130,,
1210,10184504,6131,,
1211,10184702,6153,,
1212,10184702,6155,,
1213,10184704,6154,,
1214,10184704,6156,,
1215,10184801,6165,,
1216,10184801,6168,,
1217,10184802,6166,,
1218,10184802,6167,,
1219,10185301,6210,,
1220,10185301,6214,,
1221,10185302,6211,,
1222,10185501,6225,,
1223,10185501,6228,,
1224,10185502,6224,,
1225,10185702,6239,,
1226,10185702,6242,,
1227,10185704,6240,,
1228,10185704,6241,,
1229,10186001,6266,,
1230,10186001,6263,,
1231,10186002,6265,,
1232,10186101,6272,,
1233,10186101,6269,,
1234,10186102,6271,,
1235,10186201,6277,,
1236,10186201,6278,,
1237,10186202,6279,,
1238,10186202,6280,,
1239,10186301,6289,,
1240,10186301,6290,,
1241,10186302,6292,,
1242,10186302,6291,,
1243,10187002,6343,,
1244,10187002,6344,,
1245,10187003,6342,,
1246,10187102,6357,,
1247,10187102,6359,,
1248,10187104,6358,,
1249,10187104,6356,,
1250,10187302,6370,,
1251,10187302,6372,,
1252,10187303,6373,,
1253,10187303,6371,,
1254,10187502,6394,,
1255,10187502,6395,,
1256,10187503,6396,,
1257,10187503,6397,,
1258,10187701,6411,,
1259,10187701,6410,,
1260,10187702,6409,,
1261,10188001,6427,,
1262,10188001,6430,,
1263,10188002,6426,,
1264,10188101,6435,,
1265,10188101,6437,,
1266,10188102,6438,,
1267,10188102,6436,,
1268,10188301,6461,,
1269,10188301,6462,,
1270,10188302,6460,,
1271,10188302,6459,,
1272,10189301,6552,,
1273,10189301,6555,,
1274,10189302,6553,,
1275,10189302,6554,,
1276,10189501,6578,,
1277,10189501,6579,,
1278,10189502,6577,,
1279,10189502,6576,,
1280,10189702,6596,,
1281,10189702,6598,,
1282,10189704,6597,,
1283,10189704,6595,,
1284,10189902,6630,,
1285,10189902,6632,,
1286,10189904,6633,,
1287,10189904,6631,,
1288,10190302,6662,,
1289,10190302,6664,,
1290,10190304,6665,,
1291,10190304,6663,,
1292,10192302,6820,,
1293,10192302,6822,,
1294,10192303,6819,,
1295,10192303,6821,,
1296,10192501,6837,,
1297,10192501,6836,,
1298,10192502,6838,,
1299,10193001,6868,,
1300,10193001,6866,,
1301,10193002,6867,,
1302,10193301,6885,,
1303,10193301,6888,,
1304,10193302,6886,,
1305,10193302,6887,,
1306,10193802,6931,,
1307,10193802,6933,,
1308,10193803,6934,,
1309,10193803,6932,,
1310,10194202,6974,,
1311,10194202,6976,,
1312,10194204,6977,,
1313,10194204,6975,,
1314,10194502,6992,,
1315,10194502,6993,,
1316,10194504,6994,,
1317,10194504,6991,,
1318,10195001,7034,,
1319,10195001,7033,,
1320,10195002,7035,,
1321,10196301,7098,,
1322,10196301,7096,,
1323,10196302,7097,,
1324,10197201,7151,,
1325,10197201,7152,,
1326,10197202,7149,,
1327,10197202,7150,,
1328,10197301,7162,,
1329,10197301,7164,,
1330,10197302,7161,,
1331,10197302,7163,,
1332,10197401,7174,,
1333,10197401,7175,,
1334,10197402,7176,,
1335,10197402,7173,,
1336,10197601,7191,,
1337,10197601,7194,,
1338,10197603,7192,,
1339,10197603,7193,,
1340,10199101,7303,,
1341,10199101,7302,,
1342,10199102,7301,,
1343,10199902,7345,,
1344,10199902,7346,,
1345,10199903,7347,,
1346,10199903,7348,,
1347,10201201,7415,,
1348,10201201,7416,,
1349,10201202,7413,,
1350,10201202,7414,,
1351,10201401,7431,,
1352,10201401,7432,,
1353,10201402,7433,,
1354,10201402,7434,,
1355,10356601,8026,,
1356,10356601,8028,,
1357,10356602,8027,,
1358,10356602,8025,,
1359,10356901,8061,,
1360,10356901,8064,,
1361,10356902,8062,,
1362,10356902,8063,,
1363,10358001,8128,,
1364,10358001,8131,,
1365,10358002,8130,,
1366,10358002,8129,,
1367,10369701,8930,,
1368,10369701,8933,,
1369,10369702,8931,,
1370,10369702,8932,,
1371,10380301,9510,,
1372,10380301,9511,,
1373,10380302,9512,,
1374,10380302,9509,,
1375,10380401,9521,,
1376,10380401,9520,,
1377,10380402,9522,,
1378,10381002,9562,,
1379,10381002,9561,,
1380,10381004,9564,,
1381,10381004,9563,,
1382,10381101,9573,,
1383,10381101,9574,,
1384,10381102,9575,,
1385,10381102,9576,,
1386,10381201,9587,,
1387,10381201,9586,,
1388,10381202,9585,,
1389,10381202,9588,,
1390,10381501,9610,,
1391,10381501,9611,,
1392,10381502,9613,,
1393,10381502,9612,,
1394,10381601,9622,,
1395,10381601,9623,,
1396,10381602,9624,,
1397,10381602,9625,,
1398,10382502,9686,,
1399,10382502,9687,,
1400,10382503,9688,,
1401,10382503,9685,,
1402,10402001,10873,,
1403,10402001,10874,,
1404,10402002,10872,,
1405,10402002,10875,,
1406,10430801,12133,,
1407,10430801,12131,,
1408,10430802,12129,,
1409,10431301,12152,,
1410,10431301,12150,,
1411,10431302,12151,,
1412,10431701,12163,,
1413,10431701,12161,,
1414,10431702,12164,,
1415,10437301,12376,,
1416,10437301,12374,,
1417,10437302,12372,,
1418,10440801,12487,,
1419,10440801,12488,,
1420,10440802,12489,,
1421,10440802,12490,,
1422,10444501,12606,,
1423,10444501,12605,,
1424,10444502,12608,,
1425,10444502,12607,,
1426,10000002,1022,,
1427,10000102,1029,,
1428,10000302,1050,,
1429,10000302,1051,,
1430,10000303,1052,,
1431,10000303,1053,,
1432,10000602,1078,,
1433,10001001,1104,,
1434,10001602,1135,,
1435,10002601,1197,,
1436,10002601,1199,,
1437,10002602,1196,,
1438,10002602,1198,,
1439,10002802,1217,,
1440,10002902,1225,,
1441,10003301,1255,,
1442,10003402,1262,,
1443,10004502,1330,,
1444,10005201,1368,,
1445,10005602,1389,,
1446,10007902,1546,,
1447,10007902,1547,,
1448,10007904,1548,,
1449,10007904,1545,,
1450,10008101,1565,,
1451,10008101,1564,,
1452,10008102,1563,,
1453,10008102,1566,,
1454,10008202,1575,,
1455,10008202,1576,,
1456,10008204,1578,,
1457,10008204,1577,,
1458,10008301,1587,,
1459,10008301,1588,,
1460,10008302,1590,,
1461,10008302,1589,,
1462,10008802,1638,,
1463,10008802,1640,,
1464,10008804,1639,,
1465,10008804,1641,,
1466,10009201,1664,,
1467,10009201,1665,,
1468,10009203,1667,,
1469,10009203,1666,,
1470,10009702,1703,,
1471,10009702,1705,,
1472,10009704,1704,,
1473,10009704,1706,,
1474,10010701,1799,,
1475,10010701,1801,,
1476,10010702,1802,,
1477,10010702,1800,,
1478,10010802,1811,,
1479,10010802,1814,,
1480,10010803,1813,,
1481,10010803,1812,,
1482,10011302,1852,,
1483,10011302,1855,,
1484,10011303,1854,,
1485,10011303,1853,,
1486,10011402,1864,,
1487,10011402,1867,,
1488,10011403,1866,,
1489,10011403,1865,,
1490,10011502,1878,,
1491,10011502,1879,,
1492,10011504,1877,,
1493,10011504,1876,,
1494,10011802,1900,,
1495,10011802,1901,,
1496,10011803,1902,,
1497,10011803,1903,,
1498,10012302,1932,,
1499,10012302,1933,,
1500,10012303,1934,,
1501,10012303,1935,,
1502,10016801,2325,,
1503,10016801,2328,,
1504,10016802,2327,,
1505,10016802,2326,,
1506,10017102,2344,,
1507,10017102,2345,,
1508,10017104,2347,,
1509,10017104,2346,,
1510,10017702,2386,,
1511,10017702,2385,,
1512,10017704,2383,,
1513,10017704,2384,,
1514,10020401,2543,,
1515,10020401,2546,,
1516,10020402,2545,,
1517,10020402,2544,,
1518,10021102,2575,,
1519,10021102,2577,,
1520,10021103,2576,,
1521,10021103,2574,,
1522,10021901,2607,,
1523,10021901,2608,,
1524,10021902,2605,,
1525,10021902,2606,,
1526,10022202,2627,,
1527,10022202,2628,,
1528,10022203,2630,,
1529,10022203,2629,,
1530,10023401,2696,,
1531,10023401,2694,,
1532,10023402,2693,,
1533,10023402,2695,,
1534,10024002,2720,,
1535,10024002,2721,,
1536,10024003,2722,,
1537,10024003,2723,,
1538,10024901,2764,,
1539,10024901,2765,,
1540,10024902,2767,,
1541,10024902,2766,,
1542,10030702,3113,,
1543,10054402,3520,,
1544,10054402,3522,,
1545,10054404,3523,,
1546,10054404,3521,,
1547,10054702,3556,,
1548,10054702,3557,,
1549,10054704,3558,,
1550,10054704,3559,,
1551,10055502,3621,,
1552,10055502,3622,,
1553,10055504,3620,,
1554,10055504,3619,,
1555,10055702,3637,,
1556,10055702,3638,,
1557,10055704,3640,,
1558,10055704,3639,,
1559,10056102,3670,,
1560,10056102,3671,,
1561,10056103,3668,,
1562,10056103,3669,,
1563,10056601,3711,,
1564,10056601,3713,,
1565,10056602,3710,,
1566,10056602,3712,,
1567,10057202,3751,,
1568,10057202,3752,,
1569,10057204,3750,,
1570,10057204,3749,,
1571,10057902,3815,,
1572,10057902,3818,,
1573,10057904,3816,,
1574,10057904,3817,,
1575,10058101,3833,,
1576,10058101,3836,,
1577,10058102,3834,,
1578,10058102,3835,,
1579,10058201,3845,,
1580,10058201,3848,,
1581,10058202,3847,,
1582,10058202,3846,,
1583,10058401,3865,,
1584,10058401,3866,,
1585,10058402,3863,,
1586,10058402,3864,,
1587,10059501,3931,,
1588,10059501,3932,,
1589,10059502,3930,,
1590,10059502,3929,,
1591,10059601,3941,,
1592,10059601,3944,,
1593,10059602,3942,,
1594,10059602,3943,,
1595,10060602,4001,,
1596,10060602,4004,,
1597,10060604,4003,,
1598,10060604,4002,,
1599,10061402,4075,,
1600,10061402,4078,,
1601,10061404,4076,,
1602,10061404,4077,,
1603,10065002,4351,,
1604,10065002,4353,,
1605,10065004,4352,,
1606,10065004,4354,,
1607,10065301,4376,,
1608,10065301,4378,,
1609,10065302,4375,,
1610,10065302,4377,,
1611,10068002,4553,,
1612,10068002,4554,,
1613,10068003,4555,,
1614,10068003,4556,,
1615,10069002,4627,,
1616,10069002,4628,,
1617,10069003,4626,,
1618,10069003,4625,,
1619,10069201,4649,,
1620,10069201,4651,,
1621,10069202,4650,,
1622,10069202,4652,,
1623,10069301,4661,,
1624,10069301,4663,,
1625,10069302,4664,,
1626,10069302,4662,,
1627,10069601,4683,,
1628,10069601,4685,,
1629,10069602,4684,,
1630,10069602,4682,,
1631,10071402,4816,,
1632,10071402,4818,,
1633,10071404,4817,,
1634,10071404,4815,,
1635,10073902,5002,,
1636,10073902,5001,,
1637,10073904,5003,,
1638,10073904,5004,,
1639,10075002,5095,,
1640,10075002,5098,,
1641,10075004,5096,,
1642,10075004,5097,,
1643,10175702,5369,,
1644,10175702,5372,,
1645,10175703,5371,,
1646,10175703,5370,,
1647,10175802,5381,,
1648,10175802,5384,,
1649,10175804,5382,,
1650,10175804,5383,,
1651,10176002,5401,,
1652,10176002,5402,,
1653,10176004,5399,,
1654,10176004,5400,,
1655,10176402,5433,,
1656,10176402,5434,,
1657,10176403,5431,,
1658,10176403,5432,,
1659,10176502,5443,,
1660,10176502,5445,,
1661,10176503,5444,,
1662,10176503,5446,,
1663,10179001,5621,,
1664,10179001,5619,,
1665,10179002,5622,,
1666,10179002,5620,,
1667,10179402,5659,,
1668,10179402,5660,,
1669,10179403,5658,,
1670,10179403,5657,,
1671,10179602,5676,,
1672,10179602,5677,,
1673,10179604,5675,,
1674,10179604,5678,,
1675,10180002,5721,,
1676,10180002,5723,,
1677,10180004,5724,,
1678,10180004,5722,,
1679,10180102,5735,,
1680,10180102,5736,,
1681,10180103,5733,,
1682,10180103,5734,,
1683,10180402,5753,,
1684,10180402,5755,,
1685,10180403,5756,,
1686,10180403,5754,,
1687,10180902,5799,,
1688,10180902,5800,,
1689,10180903,5798,,
1690,10180903,5797,,
1691,10181102,5812,,
1692,10181102,5814,,
1693,10181104,5811,,
1694,10181104,5813,,
1695,10181501,5847,,
1696,10181501,5849,,
1697,10181502,5850,,
1698,10181502,5848,,
1699,10182102,5913,,
1700,10182102,5915,,
1701,10182104,5916,,
1702,10182104,5914,,
1703,10182602,5947,,
1704,10182602,5949,,
1705,10182603,5950,,
1706,10182603,5948,,
1707,10183002,5989,,
1708,10183002,5990,,
1709,10183003,5991,,
1710,10183003,5992,,
1711,10183402,6027,,
1712,10183402,6028,,
1713,10183404,6030,,
1714,10183404,6029,,
1715,10183802,6070,,
1716,10183802,6073,,
1717,10183804,6072,,
1718,10183804,6071,,
1719,10184101,6100,,
1720,10184101,6103,,
1721,10184102,6101,,
1722,10184102,6102,,
1723,10184401,6123,,
1724,10184402,6124,,
1725,10184402,6122,,
1726,10184502,6133,,
1727,10184502,6136,,
1728,10184504,6134,,
1729,10184504,6135,,
1730,10184702,6157,,
1731,10184702,6159,,
1732,10184704,6158,,
1733,10184704,6160,,
1734,10184801,6169,,
1735,10184801,6172,,
1736,10184802,6170,,
1737,10184802,6171,,
1738,10185302,6213,,
1739,10185502,6227,,
1740,10185702,6243,,
1741,10185702,6246,,
1742,10185704,6244,,
1743,10185704,6245,,
1744,10186201,6281,,
1745,10186201,6282,,
1746,10186202,6283,,
1747,10186202,6284,,
1748,10186301,6293,,
1749,10186301,6294,,
1750,10186302,6296,,
1751,10186302,6295,,
1752,10187002,6346,,
1753,10187002,6347,,
1754,10187003,6345,,
1755,10187302,6374,,
1756,10187302,6376,,
1757,10187303,6377,,
1758,10187303,6375,,
1759,10187502,6398,,
1760,10187502,6399,,
1761,10187503,6400,,
1762,10187503,6401,,
1763,10187702,6412,,
1764,10188002,6429,,
1765,10188101,6439,,
1766,10188101,6441,,
1767,10188102,6442,,
1768,10188102,6440,,
1769,10188301,6465,,
1770,10188301,6466,,
1771,10188302,6464,,
1772,10188302,6463,,
1773,10189301,6556,,
1774,10189301,6559,,
1775,10189302,6557,,
1776,10189302,6558,,
1777,10189501,6582,,
1778,10189501,6583,,
1779,10189502,6581,,
1780,10189502,6580,,
1781,10189702,6600,,
1782,10189702,6602,,
1783,10189704,6601,,
1784,10189704,6599,,
1785,10190302,6666,,
1786,10190302,6668,,
1787,10190304,6669,,
1788,10190304,6667,,
1789,10192302,6824,,
1790,10192302,6826,,
1791,10192303,6823,,
1792,10192303,6825,,
1793,10193301,6889,,
1794,10193301,6892,,
1795,10193302,6890,,
1796,10193302,6891,,
1797,10193802,6935,,
1798,10193802,6937,,
1799,10193803,6938,,
1800,10193803,6936,,
1801,10194502,6996,,
1802,10194502,6997,,
1803,10194504,6998,,
1804,10194504,6995,,
1805,10197201,7155,,
1806,10197201,7156,,
1807,10197202,7153,,
1808,10197202,7154,,
1809,10197301,7166,,
1810,10197301,7168,,
1811,10197302,7165,,
1812,10197302,7167,,
1813,10197401,7178,,
1814,10197401,7179,,
1815,10197402,7180,,
1816,10197402,7177,,
1817,10197601,7195,,
1818,10197601,7198,,
1819,10197603,7196,,
1820,10197603,7197,,
1821,10199102,7304,,
1822,10199902,7349,,
1823,10199902,7350,,
1824,10199903,7351,,
1825,10199903,7352,,
1826,10201201,7419,,
1827,10201201,7420,,
1828,10201202,7417,,
1829,10201202,7418,,
1830,10201401,7435,,
1831,10201401,7436,,
1832,10201402,7437,,
1833,10201402,7438,,
1834,10356601,8030,,
1835,10356601,8032,,
1836,10356602,8031,,
1837,10356602,8029,,
1838,10356901,8065,,
1839,10356901,8068,,
1840,10356902,8066,,
1841,10356902,8067,,
1842,10358001,8132,,
1843,10358001,8135,,
1844,10358002,8134,,
1845,10358002,8133,,
1846,10369701,8934,,
1847,10369701,8937,,
1848,10369702,8935,,
1849,10369702,8936,,
1850,10380301,9514,,
1851,10380301,9515,,
1852,10380302,9516,,
1853,10380302,9513,,
1854,10381002,9566,,
1855,10381002,9565,,
1856,10381004,9568,,
1857,10381004,9567,,
1858,10381101,9577,,
1859,10381101,9578,,
1860,10381102,9579,,
1861,10381102,9580,,
1862,10381201,9591,,
1863,10381201,9590,,
1864,10381202,9589,,
1865,10381202,9592,,
1866,10381501,9614,,
1867,10381501,9615,,
1868,10381502,9617,,
1869,10381502,9616,,
1870,10381601,9626,,
1871,10381601,9627,,
1872,10381602,9628,,
1873,10381602,9629,,
1874,10382502,9690,,
1875,10382502,9691,,
1876,10382503,9692,,
1877,10382503,9689,,
1878,10402001,10877,,
1879,10402001,10878,,
1880,10402002,10876,,
1881,10402002,10879,,
1882,10430802,12132,,
1883,10431302,12153,,
1884,10437302,12375,,
1885,10440801,12491,,
1886,10440801,12492,,
1887,10440802,12493,,
1888,10440802,12494,,
1889,10444501,12610,,
1890,10444501,12609,,
1891,10444502,12612,,
1892,10444502,12611,,
