timing_plan_id,signal_phase_num,max_green,min_green,clearance,extension,walk_time,ped_clearance,ring,barrier,position,timing_phase_id
100000,1,90,15,4,,,,,,,10000001
100000,2,90,15,4,,,,,,,10000002
100001,1,90,15,4,,,,,,,10000101
100001,2,90,15,4,,,,,,,10000102
100003,1,40,5,2,,,,,,,10000301
100003,2,90,15,2,,,,,,,10000302
100003,3,90,12,2,,,,,,,10000303
100006,1,90,15,4,,,,,,,10000601
100006,2,90,15,4,,,,,,,10000602
100010,1,90,15,4,,,,,,,10001001
100010,2,90,15,4,,,,,,,10001002
100012,1,90,15,4,,,,,,,10001201
100012,2,90,15,4,,,,,,,10001202
100013,1,90,15,4,,,,,,,10001301
100013,2,90,15,4,,,,,,,10001302
100016,1,90,15,4,,,,,,,10001601
100016,2,90,15,4,,,,,,,10001602
100026,1,90,17,3,,,,,,,10002601
100026,2,90,14,3,,,,,,,10002602
100028,1,90,15,4,,,,,,,10002801
100028,2,90,15,4,,,,,,,10002802
100029,1,90,15,4,,,,,,,10002901
100029,2,90,15,4,,,,,,,10002902
100033,1,90,15,4,,,,,,,10003301
100033,2,90,15,4,,,,,,,10003302
100034,1,90,15,4,,,,,,,10003401
100034,2,90,15,4,,,,,,,10003402
100042,1,90,17,3,,,,,,,10004201
100042,2,90,14,3,,,,,,,10004202
100045,1,90,15,4,,,,,,,10004501
100045,2,90,15,4,,,,,,,10004502
100052,1,90,17,3,,,,,,,10005201
100052,2,90,14,3,,,,,,,10005202
100056,1,90,15,4,,,,,,,10005601
100056,2,90,15,4,,,,,,,10005602
100079,1,40,5,2,,,,,,,10007901
100079,2,90,20,2,,,,,,,10007902
100079,3,40,5,2,,,,,,,10007903
100079,4,90,15,2,,,,,,,10007904
100081,1,90,27,5,,,,,,,10008101
100081,2,90,17,5,,,,,,,10008102
100082,1,40,5,2,,,,,,,10008201
100082,2,90,17,2,,,,,,,10008202
100082,3,40,5,2,,,,,,,10008203
100082,4,90,17,2,,,,,,,10008204
100083,1,90,27,5,,,,,,,10008301
100083,2,90,17,5,,,,,,,10008302
100088,1,40,5,2,,,,,,,10008801
100088,2,90,20,2,,,,,,,10008802
100088,3,40,5,2,,,,,,,10008803
100088,4,90,15,2,,,,,,,10008804
100091,1,90,27,5,,,,,,,10009101
100091,2,90,17,5,,,,,,,10009102
100092,1,90,22,3,,,,,,,10009201
100092,2,40,5,3,,,,,,,10009202
100092,3,90,17,3,,,,,,,10009203
100097,1,40,5,2,,,,,,,10009701
100097,2,90,17,2,,,,,,,10009702
100097,3,40,5,2,,,,,,,10009703
100097,4,90,17,2,,,,,,,10009704
100107,1,90,22,5,,,,,,,10010701
100107,2,90,22,5,,,,,,,10010702
100108,1,40,5,3,,,,,,,10010801
100108,2,90,27,3,,,,,,,10010802
100108,3,90,12,3,,,,,,,10010803
100109,1,60,5,5,,,,,,,10010901
100109,2,60,5,5,,,,,,,10010902
100113,1,40,5,3,,,,,,,10011301
100113,2,90,20,3,,,,,,,10011302
100113,3,90,20,3,,,,,,,10011303
100114,1,40,5,3,,,,,,,10011401
100114,2,90,27,3,,,,,,,10011402
100114,3,90,12,3,,,,,,,10011403
100115,1,40,5,2,,,,,,,10011501
100115,2,90,27,2,,,,,,,10011502
100115,3,40,5,2,,,,,,,10011503
100115,4,90,7,2,,,,,,,10011504
100118,1,40,5,3,,,,,,,10011801
100118,2,90,22,3,,,,,,,10011802
100118,3,90,17,3,,,,,,,10011803
100119,1,90,25,5,,,,,,,10011901
100119,2,90,20,5,,,,,,,10011902
100120,1,90,25,5,,,,,,,10012001
100120,2,90,20,5,,,,,,,10012002
100123,1,40,5,3,,,,,,,10012301
100123,2,90,22,3,,,,,,,10012302
100123,3,90,17,3,,,,,,,10012303
100168,1,90,27,5,,,,,,,10016801
100168,2,90,17,5,,,,,,,10016802
100171,1,40,5,2,,,,,,,10017101
100171,2,90,20,2,,,,,,,10017102
100171,3,40,5,2,,,,,,,10017103
100171,4,90,15,2,,,,,,,10017104
100173,1,60,5,5,,,,,,,10017301
100173,2,60,5,5,,,,,,,10017302
100176,1,60,5,5,,,,,,,10017601
100176,2,60,5,5,,,,,,,10017602
100176,3,60,5,5,,,,,,,10017603
100176,4,60,5,5,,,,,,,10017604
100177,1,40,5,2,,,,,,,10017701
100177,2,90,20,2,,,,,,,10017702
100177,3,40,5,2,,,,,,,10017703
100177,4,90,15,2,,,,,,,10017704
100204,1,90,27,5,,,,,,,10020401
100204,2,90,17,5,,,,,,,10020402
100211,1,40,5,3,,,,,,,10021101
100211,2,90,27,3,,,,,,,10021102
100211,3,90,12,3,,,,,,,10021103
100219,1,90,27,5,,,,,,,10021901
100219,2,90,17,5,,,,,,,10021902
100222,1,40,5,3,,,,,,,10022201
100222,2,90,27,3,,,,,,,10022202
100222,3,90,12,3,,,,,,,10022203
100225,1,90,27,5,,,,,,,10022501
100225,2,90,17,5,,,,,,,10022502
100234,1,60,5,5,,,,,,,10023401
100234,2,60,5,5,,,,,,,10023402
100240,1,40,5,3,,,,,,,10024001
100240,2,90,27,3,,,,,,,10024002
100240,3,90,12,3,,,,,,,10024003
100249,1,90,19,4,,,,,,,10024901
100249,2,90,12,4,,,,,,,10024902
100287,1,60,5,5,,,,,,,10028701
100287,2,60,5,5,,,,,,,10028702
100287,3,60,5,5,,,,,,,10028703
100287,4,60,5,5,,,,,,,10028704
100307,1,90,27,5,,,,,,,10030701
100307,2,90,17,5,,,,,,,10030702
100500,1,90,27,5,,,,,,,10050001
100500,2,90,17,5,,,,,,,10050002
100544,1,40,5,2,,,,,,,10054401
100544,2,90,17,2,,,,,,,10054402
100544,3,40,5,2,,,,,,,10054403
100544,4,90,17,2,,,,,,,10054404
100547,1,40,5,2,,,,,,,10054701
100547,2,90,17,2,,,,,,,10054702
100547,3,40,5,2,,,,,,,10054703
100547,4,90,17,2,,,,,,,10054704
100555,1,40,5,2,,,,,,,10055501
100555,2,90,27,2,,,,,,,10055502
100555,3,40,5,2,,,,,,,10055503
100555,4,90,7,2,,,,,,,10055504
100557,1,40,5,2,,,,,,,10055701
100557,2,90,17,2,,,,,,,10055702
100557,3,40,5,2,,,,,,,10055703
100557,4,90,17,2,,,,,,,10055704
100561,1,40,5,3,,,,,,,10056101
100561,2,90,27,3,,,,,,,10056102
100561,3,90,12,3,,,,,,,10056103
100566,1,90,22,5,,,,,,,10056601
100566,2,90,22,5,,,,,,,10056602
100567,1,90,22,5,,,,,,,10056701
100567,2,90,22,5,,,,,,,10056702
100572,1,40,5,2,,,,,,,10057201
100572,2,90,27,2,,,,,,,10057202
100572,3,40,5,2,,,,,,,10057203
100572,4,90,7,2,,,,,,,10057204
100579,1,40,5,2,,,,,,,10057901
100579,2,90,20,2,,,,,,,10057902
100579,3,40,5,2,,,,,,,10057903
100579,4,90,15,2,,,,,,,10057904
100581,1,90,22,5,,,,,,,10058101
100581,2,90,22,5,,,,,,,10058102
100582,1,90,27,5,,,,,,,10058201
100582,2,90,17,5,,,,,,,10058202
100584,1,90,27,5,,,,,,,10058401
100584,2,90,17,5,,,,,,,10058402
100588,1,90,27,5,,,,,,,10058801
100588,2,90,17,5,,,,,,,10058802
100589,1,90,22,5,,,,,,,10058901
100589,2,90,22,5,,,,,,,10058902
100592,1,90,27,5,,,,,,,10059201
100592,2,90,17,5,,,,,,,10059202
100593,1,90,25,5,,,,,,,10059301
100593,2,90,20,5,,,,,,,10059302
100595,1,90,27,5,,,,,,,10059501
100595,2,90,17,5,,,,,,,10059502
100596,1,90,22,5,,,,,,,10059601
100596,2,90,22,5,,,,,,,10059602
100606,1,40,5,2,,,,,,,10060601
100606,2,90,20,2,,,,,,,10060602
100606,3,40,5,2,,,,,,,10060603
100606,4,90,15,2,,,,,,,10060604
100614,1,40,5,2,,,,,,,10061401
100614,2,90,20,2,,,,,,,10061402
100614,3,40,5,2,,,,,,,10061403
100614,4,90,15,2,,,,,,,10061404
100650,1,40,5,2,,,,,,,10065001
100650,2,90,20,2,,,,,,,10065002
100650,3,40,5,2,,,,,,,10065003
100650,4,90,15,2,,,,,,,10065004
100653,1,90,27,5,,,,,,,10065301
100653,2,90,17,5,,,,,,,10065302
100680,1,40,5,2,,,,,,,10068001
100680,2,90,19,2,,,,,,,10068002
100680,3,90,8,2,,,,,,,10068003
100690,1,40,5,2,,,,,,,10069001
100690,2,90,19,2,,,,,,,10069002
100690,3,90,8,2,,,,,,,10069003
100692,1,90,19,4,,,,,,,10069201
100692,2,90,12,4,,,,,,,10069202
100693,1,90,19,4,,,,,,,10069301
100693,2,90,12,4,,,,,,,10069302
100696,1,90,27,5,,,,,,,10069601
100696,2,90,17,5,,,,,,,10069602
100714,1,40,5,2,,,,,,,10071401
100714,2,90,20,2,,,,,,,10071402
100714,3,40,5,2,,,,,,,10071403
100714,4,90,15,2,,,,,,,10071404
100739,1,40,5,2,,,,,,,10073901
100739,2,90,17,2,,,,,,,10073902
100739,3,40,5,2,,,,,,,10073903
100739,4,90,17,2,,,,,,,10073904
100745,1,90,27,5,,,,,,,10074501
100745,2,90,17,5,,,,,,,10074502
100750,1,40,5,2,,,,,,,10075001
100750,2,90,17,2,,,,,,,10075002
100750,3,40,5,2,,,,,,,10075003
100750,4,90,17,2,,,,,,,10075004
101757,1,40,5,3,,,,,,,10175701
101757,2,90,27,3,,,,,,,10175702
101757,3,90,12,3,,,,,,,10175703
101758,1,40,5,2,,,,,,,10175801
101758,2,90,17,2,,,,,,,10175802
101758,3,40,5,2,,,,,,,10175803
101758,4,90,17,2,,,,,,,10175804
101760,1,40,5,2,,,,,,,10176001
101760,2,90,20,2,,,,,,,10176002
101760,3,40,5,2,,,,,,,10176003
101760,4,90,15,2,,,,,,,10176004
101764,1,40,5,3,,,,,,,10176401
101764,2,90,27,3,,,,,,,10176402
101764,3,90,12,3,,,,,,,10176403
101765,1,40,5,3,,,,,,,10176501
101765,2,90,27,3,,,,,,,10176502
101765,3,90,12,3,,,,,,,10176503
101790,1,60,5,5,,,,,,,10179001
101790,2,60,5,5,,,,,,,10179002
101793,1,60,5,5,,,,,,,10179301
101793,2,60,5,5,,,,,,,10179302
101794,1,40,5,3,,,,,,,10179401
101794,2,90,27,3,,,,,,,10179402
101794,3,90,12,3,,,,,,,10179403
101795,1,90,27,5,,,,,,,10179501
101795,2,90,17,5,,,,,,,10179502
101796,1,40,5,2,,,,,,,10179601
101796,2,90,20,2,,,,,,,10179602
101796,3,40,5,2,,,,,,,10179603
101796,4,90,15,2,,,,,,,10179604
101800,1,40,5,2,,,,,,,10180001
101800,2,90,17,2,,,,,,,10180002
101800,3,40,5,2,,,,,,,10180003
101800,4,90,17,2,,,,,,,10180004
101801,1,40,5,3,,,,,,,10180101
101801,2,90,27,3,,,,,,,10180102
101801,3,90,12,3,,,,,,,10180103
101804,1,40,5,3,,,,,,,10180401
101804,2,90,27,3,,,,,,,10180402
101804,3,90,12,3,,,,,,,10180403
101809,1,40,5,3,,,,,,,10180901
101809,2,90,27,3,,,,,,,10180902
101809,3,90,12,3,,,,,,,10180903
101811,1,40,5,2,,,,,,,10181101
101811,2,90,20,2,,,,,,,10181102
101811,3,40,5,2,,,,,,,10181103
101811,4,90,15,2,,,,,,,10181104
101815,1,90,25,5,,,,,,,10181501
101815,2,90,20,5,,,,,,,10181502
101821,1,40,5,2,,,,,,,10182101
101821,2,90,17,2,,,,,,,10182102
101821,3,40,5,2,,,,,,,10182103
101821,4,90,17,2,,,,,,,10182104
101826,1,40,5,3,,,,,,,10182601
101826,2,90,20,3,,,,,,,10182602
101826,3,90,20,3,,,,,,,10182603
101830,1,40,5,3,,,,,,,10183001
101830,2,90,27,3,,,,,,,10183002
101830,3,90,12,3,,,,,,,10183003
101833,1,60,5,5,,,,,,,10183301
101833,2,60,5,5,,,,,,,10183302
101834,1,40,5,2,,,,,,,10183401
101834,2,90,17,2,,,,,,,10183402
101834,3,40,5,2,,,,,,,10183403
101834,4,90,17,2,,,,,,,10183404
101838,1,40,5,2,,,,,,,10183801
101838,2,90,17,2,,,,,,,10183802
101838,3,40,5,2,,,,,,,10183803
101838,4,90,17,2,,,,,,,10183804
101841,1,90,27,5,,,,,,,10184101
101841,2,90,17,5,,,,,,,10184102
101844,1,90,19,4,,,,,,,10184401
101844,2,90,12,4,,,,,,,10184402
101845,1,40,5,1,,,,,,,10184501
101845,2,90,14,1,,,,,,,10184502
101845,3,40,5,1,,,,,,,10184503
101845,4,90,10,1,,,,,,,10184504
101847,1,40,5,2,,,,,,,10184701
101847,2,90,20,2,,,,,,,10184702
101847,3,40,5,2,,,,,,,10184703
101847,4,90,15,2,,,,,,,10184704
101848,1,90,22,5,,,,,,,10184801
101848,2,90,22,5,,,,,,,10184802
101853,1,90,22,5,,,,,,,10185301
101853,2,90,22,5,,,,,,,10185302
101855,1,90,17,3,,,,,,,10185501
101855,2,90,14,3,,,,,,,10185502
101857,1,40,5,2,,,,,,,10185701
101857,2,90,12,2,,,,,,,10185702
101857,3,40,5,2,,,,,,,10185703
101857,4,90,12,2,,,,,,,10185704
101860,1,90,27,5,,,,,,,10186001
101860,2,90,17,5,,,,,,,10186002
101861,1,90,27,5,,,,,,,10186101
101861,2,90,17,5,,,,,,,10186102
101862,1,90,22,5,,,,,,,10186201
101862,2,90,22,5,,,,,,,10186202
101863,1,90,25,5,,,,,,,10186301
101863,2,90,20,5,,,,,,,10186302
101870,1,40,5,2,,,,,,,10187001
101870,2,90,15,2,,,,,,,10187002
101870,3,90,12,2,,,,,,,10187003
101871,1,60,5,5,,,,,,,10187101
101871,2,60,5,5,,,,,,,10187102
101871,3,60,5,5,,,,,,,10187103
101871,4,60,5,5,,,,,,,10187104
101873,1,40,5,3,,,,,,,10187301
101873,2,90,20,3,,,,,,,10187302
101873,3,90,20,3,,,,,,,10187303
101875,1,40,5,3,,,,,,,10187501
101875,2,90,22,3,,,,,,,10187502
101875,3,90,17,3,,,,,,,10187503
101877,1,90,25,5,,,,,,,10187701
101877,2,90,20,5,,,,,,,10187702
101880,1,90,17,3,,,,,,,10188001
101880,2,90,14,3,,,,,,,10188002
101881,1,90,22,5,,,,,,,10188101
101881,2,90,22,5,,,,,,,10188102
101883,1,90,25,5,,,,,,,10188301
101883,2,90,20,5,,,,,,,10188302
101893,1,90,25,5,,,,,,,10189301
101893,2,90,20,5,,,,,,,10189302
101895,1,90,27,5,,,,,,,10189501
101895,2,90,17,5,,,,,,,10189502
101897,1,40,5,2,,,,,,,10189701
101897,2,90,20,2,,,,,,,10189702
101897,3,40,5,2,,,,,,,10189703
101897,4,90,15,2,,,,,,,10189704
101899,1,60,5,5,,,,,,,10189901
101899,2,60,5,5,,,,,,,10189902
101899,3,60,5,5,,,,,,,10189903
101899,4,60,5,5,,,,,,,10189904
101903,1,40,5,2,,,,,,,10190301
101903,2,90,17,2,,,,,,,10190302
101903,3,40,5,2,,,,,,,10190303
101903,4,90,17,2,,,,,,,10190304
101923,1,40,5,3,,,,,,,10192301
101923,2,90,20,3,,,,,,,10192302
101923,3,90,20,3,,,,,,,10192303
101925,1,90,22,5,,,,,,,10192501
101925,2,90,22,5,,,,,,,10192502
101930,1,90,25,5,,,,,,,10193001
101930,2,90,20,5,,,,,,,10193002
101933,1,90,25,5,,,,,,,10193301
101933,2,90,20,5,,,,,,,10193302
101938,1,40,5,3,,,,,,,10193801
101938,2,90,27,3,,,,,,,10193802
101938,3,90,12,3,,,,,,,10193803
101942,1,60,5,5,,,,,,,10194201
101942,2,60,5,5,,,,,,,10194202
101942,3,60,5,5,,,,,,,10194203
101942,4,60,5,5,,,,,,,10194204
101945,1,40,5,2,,,,,,,10194501
101945,2,90,20,2,,,,,,,10194502
101945,3,40,5,2,,,,,,,10194503
101945,4,90,15,2,,,,,,,10194504
101950,1,90,22,5,,,,,,,10195001
101950,2,90,22,5,,,,,,,10195002
101963,1,90,22,5,,,,,,,10196301
101963,2,90,22,5,,,,,,,10196302
101972,1,90,27,5,,,,,,,10197201
101972,2,90,17,5,,,,,,,10197202
101973,1,90,22,5,,,,,,,10197301
101973,2,90,22,5,,,,,,,10197302
101974,1,90,22,5,,,,,,,10197401
101974,2,90,22,5,,,,,,,10197402
101976,1,90,20,3,,,,,,,10197601
101976,2,40,5,3,,,,,,,10197602
101976,3,90,20,3,,,,,,,10197603
101991,1,90,15,4,,,,,,,10199101
101991,2,90,15,4,,,,,,,10199102
101999,1,40,5,2,,,,,,,10199901
101999,2,90,19,2,,,,,,,10199902
101999,3,90,8,2,,,,,,,10199903
102012,1,90,25,5,,,,,,,10201201
102012,2,90,20,5,,,,,,,10201202
102014,1,90,25,5,,,,,,,10201401
102014,2,90,20,5,,,,,,,10201402
103566,1,90,25,5,,,,,,,10356601
103566,2,90,20,5,,,,,,,10356602
103569,1,90,22,5,,,,,,,10356901
103569,2,90,22,5,,,,,,,10356902
103580,1,90,19,4,,,,,,,10358001
103580,2,90,12,4,,,,,,,10358002
103697,1,90,22,5,,,,,,,10369701
103697,2,90,22,5,,,,,,,10369702
103803,1,90,22,5,,,,,,,10380301
103803,2,90,22,5,,,,,,,10380302
103804,1,90,22,5,,,,,,,10380401
103804,2,90,22,5,,,,,,,10380402
103810,1,40,5,2,,,,,,,10381001
103810,2,90,12,2,,,,,,,10381002
103810,3,40,5,2,,,,,,,10381003
103810,4,90,12,2,,,,,,,10381004
103811,1,90,15,4,,,,,,,10381101
103811,2,90,15,4,,,,,,,10381102
103812,1,90,15,4,,,,,,,10381201
103812,2,90,15,4,,,,,,,10381202
103815,1,90,17,3,,,,,,,10381501
103815,2,90,14,3,,,,,,,10381502
103816,1,90,15,4,,,,,,,10381601
103816,2,90,15,4,,,,,,,10381602
103825,1,40,5,2,,,,,,,10382501
103825,2,90,15,2,,,,,,,10382502
103825,3,90,12,2,,,,,,,10382503
104020,1,90,25,5,,,,,,,10402001
104020,2,90,20,5,,,,,,,10402002
104308,1,90,25,5,,,,,,,10430801
104308,2,90,20,5,,,,,,,10430802
104313,1,90,25,5,,,,,,,10431301
104313,2,90,20,5,,,,,,,10431302
104317,1,90,22,5,,,,,,,10431701
104317,2,90,22,5,,,,,,,10431702
104373,1,90,25,5,,,,,,,10437301
104373,2,90,20,5,,,,,,,10437302
104408,1,90,25,5,,,,,,,10440801
104408,2,90,20,5,,,,,,,10440802
104445,1,60,5,5,,,,,,,10444501
104445,2,60,5,5,,,,,,,10444502
