name,node_id,zone_id,node_type,control_type,x_coord,y_coord,geometry
,1,1,centroid,,-84.10610676,40.74332242,
,2,2,centroid,,-84.10430239,40.74331937,
,3,3,centroid,,-84.10289421,40.7432835,
,4,4,centroid,,-84.10297469,40.74070251,
,5,5,centroid,,-84.10434144,40.74205634,
,6,6,centroid,,-84.10614385,40.74197707,
,7,7,centroid,,-84.10622248,40.74071076,
,8,8,centroid,,-84.1043461,40.74071143,
,9,9,centroid,,-84.10122766,40.73866766,
,10,10,centroid,,-84.10445706,40.73928275,
,11,11,centroid,,-84.10600881,40.73928921,
,12,12,centroid,,-84.10622916,40.73791119,
,13,13,centroid,,-84.10438468,40.73788399,
,14,14,centroid,,-84.10611253,40.74804301,
,15,15,centroid,,-84.1041052,40.74715116,
,16,16,centroid,,-84.1114198,40.76490493,
,17,17,centroid,,-84.10532109,40.76760307,
,18,18,centroid,,-84.15058321,40.76676575,
,19,19,centroid,,-84.10676907,40.7617596,
,20,20,centroid,,-84.10167574,40.76174882,
,21,21,centroid,,-84.10164752,40.75450362,
,22,22,centroid,,-84.10696795,40.75514257,
,23,23,centroid,,-84.11098802,40.75557936,
,24,24,centroid,,-84.14097992,40.78741143,
,25,25,centroid,,-84.11612229,40.7944625,
,26,26,centroid,,-84.10039853,40.79553438,
,27,27,centroid,,-84.08015801,40.79510273,
,28,28,centroid,,-84.10138731,40.78110976,
,29,29,centroid,,-84.11568121,40.78124827,
,30,30,centroid,,-84.16508,40.80202816,
,31,31,centroid,,-84.14195271,40.8018121,
,32,32,centroid,,-84.12190187,40.80833341,
,33,33,centroid,,-84.08944159,40.81018317,
,34,34,centroid,,-84.09883678,40.74880266,
,35,35,centroid,,-84.0978163,40.74387618,
,36,36,centroid,,-84.09596782,40.76309364,
,37,37,centroid,,-84.09882911,40.75591388,
,38,38,centroid,,-84.0920073,40.75589851,
,39,39,centroid,,-84.08007251,40.76442071,
,40,40,centroid,,-84.08306355,40.75182446,
,41,41,centroid,,-84.15969694,40.73819935,
,42,42,centroid,,-84.0881764,40.74381891,
,43,43,centroid,,-84.08436519,40.77914794,
,44,44,centroid,,-84.05445327,40.77247614,
,45,45,centroid,,-84.04209022,40.7673981,
,46,46,centroid,,-84.05243051,40.75542436,
,47,47,centroid,,-84.05816157,40.80575353,
,48,48,centroid,,-84.02026602,40.81209549,
,49,49,centroid,,-84.00904923,40.79660631,
,50,50,centroid,,-84.00950209,40.78074596,
,51,51,centroid,,-84.00819719,40.76818743,
,52,52,centroid,,-84.03274565,40.75031109,
,53,53,centroid,,-84.09671016,40.74131116,
,54,54,centroid,,-84.10034127,40.73934106,
,55,55,centroid,,-84.09435466,40.7349754,
,56,56,centroid,,-84.08919475,40.73200085,
,57,57,centroid,,-84.08495195,40.74029406,
,58,58,centroid,,-84.07887058,40.73474873,
,59,59,centroid,,-84.08626101,40.73635458,
,60,60,centroid,,-84.08320821,40.72914415,
,61,61,centroid,,-84.0785375,40.72857785,
,62,62,centroid,,-84.08124986,40.71961632,
,63,63,centroid,,-84.06401133,40.73200877,
,64,64,centroid,,-84.02528459,40.73838611,
,65,65,centroid,,-84.02826987,40.7222289,
,66,66,centroid,,-84.067227,40.73000964,
,67,67,centroid,,-84.07231277,40.72615742,
,68,68,centroid,,-84.05657419,40.72734196,
,69,69,centroid,,-84.06765584,40.70942756,
,70,70,centroid,,-84.02764827,40.70612069,
,71,71,centroid,,-84.00403088,40.74163239,
,72,72,centroid,,-84.00599321,40.71718082,
,73,73,centroid,,-84.01182486,40.68458606,
,74,74,centroid,,-84.10442926,40.73670322,
,75,75,centroid,,-84.1018695,40.73679268,
,76,76,centroid,,-84.10397554,40.73288065,
,77,77,centroid,,-84.10343137,40.72811789,
,78,78,centroid,,-84.09426069,40.72750863,
,79,79,centroid,,-84.09151431,40.72046442,
,80,80,centroid,,-84.10089977,40.7205797,
,81,81,centroid,,-84.10269494,40.71279369,
,82,82,centroid,,-84.10214147,40.70601987,
,83,83,centroid,,-84.09251989,40.70953559,
,84,84,centroid,,-84.08173339,40.703488,
,85,85,centroid,,-84.0989477,40.68755236,
,86,86,centroid,,-84.07835325,40.67990161,
,87,87,centroid,,-84.06097824,40.68777541,
,88,88,centroid,,-84.04170602,40.67925009,
,89,89,centroid,,-84.0970983,40.64955506,
,90,90,centroid,,-84.06826016,40.66069377,
,91,91,centroid,,-84.01303935,40.65795761,
,92,92,centroid,,-84.1062656,40.73653841,
,93,93,centroid,,-84.10610386,40.73286284,
,94,94,centroid,,-84.11049173,40.7318071,
,95,95,centroid,,-84.11748554,40.72743041,
,96,96,centroid,,-84.11032742,40.72695413,
,97,97,centroid,,-84.10586321,40.72812618,
,98,98,centroid,,-84.10984719,40.71816416,
,99,99,centroid,,-84.1113815,40.71452592,
,100,100,centroid,,-84.12377064,40.71737612,
,101,101,centroid,,-84.14718085,40.70260288,
,102,102,centroid,,-84.15611419,40.68764627,
,103,103,centroid,,-84.12774064,40.701175,
,104,104,centroid,,-84.12034178,40.69817757,
,105,105,centroid,,-84.16558294,40.6754562,
,106,106,centroid,,-84.14244223,40.67576247,
,107,107,centroid,,-84.12237717,40.66479361,
,108,108,centroid,,-84.11640489,40.73930454,
,109,109,centroid,,-84.10871481,40.73927727,
,110,110,centroid,,-84.11134315,40.73611004,
,111,111,centroid,,-84.11649509,40.73562556,
,112,112,centroid,,-84.14194002,40.73864118,
,113,113,centroid,,-84.12964566,40.73830835,
,114,114,centroid,,-84.12742389,40.73393375,
,115,115,centroid,,-84.13864817,40.73391106,
,116,116,centroid,,-84.13861331,40.72806551,
,117,117,centroid,,-84.16038238,40.73565649,
,118,118,centroid,,-84.15607692,40.7338256,
,119,119,centroid,,-84.14594684,40.71745354,
,120,120,centroid,,-84.15780293,40.7190848,
,121,121,centroid,,-84.16527447,40.70855563,
,122,122,centroid,,-84.17989382,40.71446889,
,123,123,centroid,,-84.16559525,40.69185505,
,124,124,centroid,,-84.21374517,40.70719882,
,125,125,centroid,,-84.19491004,40.71126527,
,126,126,centroid,,-84.18199181,40.69841478,
,127,127,centroid,,-84.20997198,40.69239895,
,128,128,centroid,,-84.21342217,40.67516169,
,129,129,centroid,,-84.20150766,40.66323166,
,130,130,centroid,,-84.11675231,40.7491556,
,131,131,centroid,,-84.11109107,40.7479728,
,132,132,centroid,,-84.11010209,40.74340507,
,133,133,centroid,,-84.11687083,40.7451469,
,134,134,centroid,,-84.12069511,40.74143362,
,135,135,centroid,,-84.10878238,40.7406212,
,136,136,centroid,,-84.14368953,40.75670926,
,137,137,centroid,,-84.1254862,40.75496458,
,138,138,centroid,,-84.11774636,40.7548919,
,139,139,centroid,,-84.12965281,40.74757947,
,140,140,centroid,,-84.13871824,40.74848939,
,141,141,centroid,,-84.14913143,40.75050792,
,142,142,centroid,,-84.15046503,40.738877,
,143,143,centroid,,-84.14177746,40.74316104,
,144,144,centroid,,-84.12999683,40.74170133,
,145,145,centroid,,-84.16287897,40.77230561,
,146,146,centroid,,-84.13714601,40.77415753,
,147,147,centroid,,-84.14525388,40.76505849,
,148,148,centroid,,-84.15315455,40.75676723,
,149,380,centroid,,-84.17428022,40.76595644,
,150,150,centroid,,-84.15986442,40.74662021,
,151,151,centroid,,-84.1745085,40.74763864,
,152,152,centroid,,-84.19440646,40.72964705,
,153,153,centroid,,-84.216623,40.79885201,
,154,154,centroid,,-84.1886356,40.79630273,
,155,155,centroid,,-84.15938815,40.78396383,
,156,156,centroid,,-84.19086247,40.78583909,
,157,157,centroid,,-84.20507258,40.78952499,
,158,158,centroid,,-84.20400728,40.7880692,
,159,159,centroid,,-84.20173253,40.78711846,
,160,160,centroid,,-84.19166514,40.76800726,
,161,161,centroid,,-84.21274429,40.7704936,
,162,162,centroid,,-84.21666926,40.73963169,
,163,163,centroid,,-84.11193404,40.76851249,
,164,164,centroid,,-84.12391761,40.76128204,
,165,165,centroid,,-84.12258907,40.77456178,
,166,166,centroid,,-84.08545038,40.7661053,
,167,167,centroid,,-84.08637508,40.75769472,
,168,168,centroid,,-84.07274016,40.76183919,
,169,169,centroid,,-84.0818519,40.73541988,
,170,170,centroid,,-84.0843458,40.73169516,
,171,171,centroid,,-84.08770496,40.73373067,
,172,172,centroid,,-84.05207952,40.73678451,
,173,173,centroid,,-84.06922008,40.74032743,
,174,174,centroid,,-84.06015724,40.72943294,
,175,175,centroid,,-84.11628081,40.73801902,
,176,176,centroid,,-84.12175061,40.73800204,
,177,177,centroid,,-84.12174275,40.73934975,
,178,178,centroid,,-84.11212325,40.73936826,
,179,179,centroid,,-84.11203358,40.73800816,
,180,180,centroid,,-84.1087798,40.73789312,
,181,181,centroid,,-84.11167412,40.74467689,
,182,182,centroid,,-84.10863421,40.74338426,
,183,183,centroid,,-84.12194908,40.74655695,
,184,184,centroid,,-84.11521198,40.7416674,
,185,185,centroid,,-84.11193792,40.74069641,
,186,186,centroid,,-84.11211958,40.74197841,
,187,187,centroid,,-84.10876047,40.74199653,
,188,188,centroid,,-84.13520491,40.73856124,
,189,189,centroid,,-84.12627625,40.73834084,
,190,190,centroid,,-84.12618195,40.74182502,
,191,191,centroid,,-84.13502988,40.7419697,
,192,192,centroid,,-84.16763338,40.73187978,
,193,193,centroid,,-84.14947738,40.72945749,
,194,140,centroid,,-84.14486736,40.75073175,
,195,34,centroid,,-84.14979077,40.74490528,
,196,196,centroid,,-84.16817502,40.77350354,
,197,197,centroid,,-84.16243125,40.7784614,
,198,198,centroid,,-84.13717639,40.76465141,
,199,199,centroid,,-84.15144144,40.75982381,
,200,200,centroid,,-84.14982379,40.76247965,
,201,201,centroid,,-84.16254414,40.76603048,
,202,202,centroid,,-84.16056213,40.7671179,
,203,203,centroid,,-84.1678668,40.74668919,
,204,204,centroid,,-84.09960134,40.70029795,
,205,205,centroid,,-84.06145079,40.78459179,
,206,206,centroid,,-84.14967022,40.75325599,
,207,207,centroid,,-84.15355929,40.7527408,
,208,208,centroid,,-84.14410714,40.75390323,
,209,209,centroid,,-84.23280948,40.70219554,
,210,210,centroid,,-84.26077313,40.69889684,
,211,211,centroid,,-84.23161737,40.71874716,
,212,212,centroid,,-84.26131569,40.72005977,
,213,213,centroid,,-84.26106723,40.74175895,
,214,214,centroid,,-84.29060649,40.69687555,
,215,215,centroid,,-84.30881184,40.71602074,
,216,216,centroid,,-84.29577825,40.73642726,
,217,217,centroid,,-84.32897033,40.7088004,
,218,218,centroid,,-84.34347535,40.69239114,
,219,219,centroid,,-84.34919521,40.70420002,
,220,220,centroid,,-84.34311687,40.71330567,
,221,221,centroid,,-84.34843594,40.71016079,
,222,222,centroid,,-84.35853634,40.70596438,
,223,223,centroid,,-84.35307335,40.71254088,
,224,224,centroid,,-84.37812077,40.69255705,
,225,225,centroid,,-84.38060582,40.70713816,
,226,226,centroid,,-84.36745862,40.71918765,
,227,227,centroid,,-84.23264059,40.75860927,
,228,228,centroid,,-84.25795568,40.75856788,
,229,229,centroid,,-84.23278499,40.7781218,
,230,230,centroid,,-84.25805816,40.77616272,
,231,231,centroid,,-84.3032134,40.75678528,
,232,232,centroid,,-84.32329449,40.7521577,
,233,233,centroid,,-84.2955212,40.77454369,
,234,234,centroid,,-84.32240319,40.77757405,
,235,235,centroid,,-84.23131227,40.79205698,
,236,236,centroid,,-84.23530707,40.80904333,
,237,237,centroid,,-84.25260536,40.7997568,
,238,238,centroid,,-84.27324001,40.80487445,
,239,239,centroid,,-84.26637369,40.79201519,
,240,240,centroid,,-84.31574222,40.80417315,
,241,241,centroid,,-84.34528382,40.74770434,
,242,242,centroid,,-84.37335446,40.74592801,
,243,243,centroid,,-84.34879606,40.77134331,
,244,244,centroid,,-84.37509583,40.76874376,
,245,245,centroid,,-84.34835749,40.79066931,
,246,246,centroid,,-84.38159244,40.79585811,
,247,247,centroid,,-84.34724658,40.80879051,
,248,248,centroid,,-84.38108304,40.806437,
,249,249,centroid,,-84.34799067,40.82448078,
,250,250,centroid,,-84.34370171,40.83298958,
,251,251,centroid,,-84.34468626,40.83935738,
,252,252,centroid,,-84.35078007,40.84382879,
,253,253,centroid,,-84.34785044,40.84325146,
,254,254,centroid,,-84.34782022,40.84533377,
,255,255,centroid,,-84.34439468,40.84317399,
,256,256,centroid,,-84.34455986,40.84530245,
,257,257,centroid,,-84.34125951,40.84217349,
,258,258,centroid,,-84.34154659,40.84321815,
,259,259,centroid,,-84.34159765,40.84431566,
,260,260,centroid,,-84.34183849,40.84604952,
,261,261,centroid,,-84.3527841,40.85009226,
,262,262,centroid,,-84.3444779,40.85041166,
,263,263,centroid,,-84.33665641,40.85567003,
,264,264,centroid,,-84.32723284,40.85365147,
,265,265,centroid,,-84.33555772,40.85011362,
,266,266,centroid,,-84.33943856,40.84610337,
,267,267,centroid,,-84.33691587,40.84611888,
,268,268,centroid,,-84.33948601,40.84440997,
,269,269,centroid,,-84.33681023,40.84448661,
,270,270,centroid,,-84.33937523,40.84316569,
,271,271,centroid,,-84.3367453,40.84321811,
,272,272,centroid,,-84.33947285,40.84218854,
,273,273,centroid,,-84.33741604,40.84225562,
,274,274,centroid,,-84.330822,40.84514322,
,275,275,centroid,,-84.32346769,40.84565592,
,276,276,centroid,,-84.32427008,40.84207021,
,277,277,centroid,,-84.32632828,40.84147438,
,278,278,centroid,,-84.33329479,40.84268365,
,279,279,centroid,,-84.33576425,40.84010653,
,280,280,centroid,,-84.33101283,40.83721764,
,281,281,centroid,,-84.33774941,40.83448061,
,282,282,centroid,,-84.3320104,40.83400499,
,283,283,centroid,,-84.32984729,40.82534671,
,284,284,centroid,,-84.30011566,40.82274886,
,285,285,centroid,,-84.30081089,40.832134,
,286,286,centroid,,-84.31565652,40.84274341,
,287,287,centroid,,-84.3201833,40.85165304,
,288,288,centroid,,-84.30066494,40.84937409,
,289,289,centroid,,-84.2852647,40.82892097,
,290,290,centroid,,-84.27141021,40.82935561,
,291,291,centroid,,-84.27736203,40.85116443,
,292,292,centroid,,-84.24495119,40.84800764,
,293,293,centroid,,-84.24681832,40.82729497,
,294,294,centroid,,-84.21104222,40.82059072,
,295,295,centroid,,-84.18898559,40.8431609,
,296,296,centroid,,-84.17832066,40.84518965,
,297,297,centroid,,-84.16105364,40.82422081,
,298,298,centroid,,-84.15437913,40.85115832,
,299,299,centroid,,-84.12072774,40.84564095,
,300,300,centroid,,-84.10241128,40.82053327,
,301,301,centroid,,-84.09794951,40.83885577,
,302,302,centroid,,-84.08501176,40.8301934,
,303,303,centroid,,-84.0701091,40.82332471,
,304,304,centroid,,-84.07281784,40.84503258,
,305,305,centroid,,-84.0941104,40.87854702,
,306,306,centroid,,-84.06227964,40.88091648,
,307,307,centroid,,-84.03589109,40.89725456,
,308,308,centroid,,-84.03115459,40.87394973,
,309,309,centroid,,-84.00353099,40.87597109,
,310,310,centroid,,-84.03052748,40.84586267,
,311,311,centroid,,-84.03330107,40.8224603,
,312,312,centroid,,-84.00563435,40.84659775,
,313,313,centroid,,-83.99213792,40.8183439,
,314,314,centroid,,-83.96413902,40.81791418,
,315,315,centroid,,-83.97981577,40.8308247,
,316,316,centroid,,-83.97344969,40.83428518,
,317,317,centroid,,-83.96769161,40.83133547,
,318,318,centroid,,-83.95690278,40.83407718,
,319,319,centroid,,-83.95037885,40.84617194,
,320,320,centroid,,-83.95964392,40.85244363,
,321,321,centroid,,-83.98498935,40.8370252,
,322,322,centroid,,-83.98665678,40.87520962,
,323,323,centroid,,-83.95699049,40.8765058,
,324,324,centroid,,-83.99127164,40.90560269,
,325,325,centroid,,-83.95798874,40.90642711,
,326,326,centroid,,-83.91917556,40.91115292,
,327,327,centroid,,-83.92702374,40.89691632,
,328,328,centroid,,-83.90523195,40.90198151,
,329,329,centroid,,-83.90998698,40.89560907,
,330,330,centroid,,-83.89798827,40.89595198,
,331,331,centroid,,-83.89369631,40.89996332,
,332,332,centroid,,-83.88710121,40.90523248,
,333,333,centroid,,-83.88443357,40.89541464,
,334,334,centroid,,-83.88549831,40.8887649,
,335,335,centroid,,-83.88852398,40.89188772,
,336,336,centroid,,-83.89444573,40.89519065,
,337,337,centroid,,-83.89766536,40.89049602,
,338,338,centroid,,-83.8956771,40.88697247,
,339,339,centroid,,-83.91828377,40.87834398,
,340,340,centroid,,-83.88952568,40.87785829,
,341,341,centroid,,-83.91612682,40.8499481,
,342,342,centroid,,-83.88953303,40.8484282,
,343,343,centroid,,-83.90737432,40.81835654,
,344,344,centroid,,-83.98358276,40.78526187,
,345,345,centroid,,-83.97639866,40.77266352,
,346,346,centroid,,-83.95608987,40.77688717,
,347,347,centroid,,-83.95906196,40.79774065,
,348,348,centroid,,-83.92239214,40.80228632,
,349,349,centroid,,-83.90738658,40.78606081,
,350,350,centroid,,-83.9077035,40.76862744,
,351,351,centroid,,-83.9082413,40.75375447,
,352,352,centroid,,-83.94828347,40.76193,
,353,353,centroid,,-83.94245447,40.75542336,
,354,354,centroid,,-83.95133739,40.75872803,
,355,355,centroid,,-83.98088722,40.75532263,
,356,356,centroid,,-83.97578092,40.73649433,
,357,357,centroid,,-83.96578246,40.72435899,
,358,358,centroid,,-83.90774819,40.73793199,
,359,359,centroid,,-83.90380545,40.72498394,
,360,360,centroid,,-83.91744592,40.70667998,
,361,361,centroid,,-83.89443989,40.70086225,
,362,362,centroid,,-83.92519041,40.69362553,
,363,363,centroid,,-83.92639705,40.70886014,
,364,364,centroid,,-83.95109003,40.69729328,
,365,365,centroid,,-83.98606743,40.70880565,
,366,366,centroid,,-83.9791463,40.69521208,
,367,367,centroid,,-83.98349687,40.69229395,
,368,368,centroid,,-83.98497152,40.65531802,
,369,369,centroid,,-83.95751045,40.65392053,
,370,370,centroid,,-83.96465399,40.66945945,
,371,371,centroid,,-83.9565939,40.68339431,
,372,372,centroid,,-83.91858019,40.66563413,
,373,373,centroid,,-83.88982496,40.65559794,
,374,374,centroid,,-83.87792735,40.89877466,
,375,375,centroid,,-83.87801933,40.88856723,
,376,376,centroid,,-83.8713551,40.89343729,
,377,377,centroid,,-83.86495267,40.8891126,
,378,378,centroid,,-84.01023368,40.75103059,
,379,379,centroid,,-84.19449598,40.77712775,
,380,380,centroid,,-84.1795705,40.7740247,
,381,381,centroid,,-84.1759857,40.77412779,
,382,382,centroid,,-84.14293082,40.75893974,
,383,383,centroid,,-84.13832538,40.75221708,
,384,384,centroid,,-84.12601863,40.74919036,
,385,385,centroid,,-84.11619832,40.7634799,
,386,386,centroid,,-84.13901114,40.65935419,
,387,387,centroid,,-84.16429299,40.70044844,
,388,388,centroid,,-84.17994508,40.69003322,
,389,389,centroid,,-84.14545073,40.76980668,
,390,390,centroid,,-84.07235252,40.74522666,
,391,391,centroid,,-84.05743903,40.74850405,
,392,392,centroid,,-84.03715953,40.73382652,
,393,393,centroid,,-84.14186329,40.68958396,
,394,394,centroid,,-84.15608917,40.72381827,
,395,395,centroid,,-84.18033704,40.73136154,
,440,440,centroid,,-84.03186588,40.64233704,
,441,441,centroid,,-84.08954164,40.64031975,
,442,442,centroid,,-84.1079535,40.65283375,
,443,443,centroid,,-84.1114266,40.65479024,
,444,444,centroid,,-84.13250647,40.6537637,
,445,445,centroid,,-84.1341938,40.65589764,
,446,446,centroid,,-84.15090907,40.65544101,
,447,447,centroid,,-84.20378435,40.65479126,
,448,448,centroid,,-84.27370931,40.68168779,
,449,449,centroid,,-84.29920868,40.68142511,
,450,450,centroid,,-84.31821924,40.68070694,
,451,451,centroid,,-84.36639862,40.68113741,
,452,452,centroid,,-84.40375741,40.69927536,
,453,453,centroid,,-84.40465701,40.71430755,
,454,454,centroid,,-84.40621057,40.7353246,
,455,455,centroid,,-84.40308142,40.80104719,
,456,456,centroid,,-84.4027354,40.81581806,
,457,457,centroid,,-84.35956022,40.82027495,
,458,458,centroid,,-84.35455004,40.8405528,
,459,459,centroid,,-84.35708572,40.84795299,
,460,460,centroid,,-84.35200428,40.85396607,
,461,461,centroid,,-84.34058224,40.86187307,
,462,462,centroid,,-84.33001161,40.86258413,
,463,463,centroid,,-84.32465085,40.86211284,
,464,464,centroid,,-84.26280596,40.86330145,
,465,465,centroid,,-84.18869692,40.86277751,
,466,466,centroid,,-84.13801233,40.86412131,
,467,467,centroid,,-84.06948161,40.90801564,
,468,468,centroid,,-84.05268985,40.90830584,
,469,469,centroid,,-83.97552146,40.92273516,
,470,470,centroid,,-83.89960468,40.92334016,
,471,471,centroid,,-83.8802236,40.92409899,
,472,472,centroid,,-83.87587538,40.90505314,
,473,473,centroid,,-83.85877867,40.89825353,
,474,474,centroid,,-83.85656957,40.89324697,
,475,475,centroid,,-83.87236606,40.83446054,
,476,476,centroid,,-83.87215315,40.82856863,
,477,477,centroid,,-83.86930606,40.77645098,
,478,478,centroid,,-83.8709666,40.74706839,
,479,479,centroid,,-83.86909101,40.7325026,
,480,480,centroid,,-83.92273417,40.63949063,
,481,481,centroid,,-83.97287547,40.63910691,
,482,482,centroid,,-84.04551955,40.64780412,
,483,483,centroid,,-84.0704829,40.64856554,
,484,484,centroid,,-84.24175274,40.68171208,
,485,485,centroid,,-84.2967816,40.86303399,
,486,486,centroid,,-84.19336247,40.86129667,
,487,487,centroid,,-84.01385108,40.90795841,
,488,488,centroid,,-83.93788358,40.9222811,
,489,489,centroid,,-83.87464226,40.86261979,
,490,490,centroid,,-83.87062615,40.76178011,
,491,491,centroid,,-83.87468659,40.7032628,
,492,492,centroid,,-83.88052024,40.64764948,
,493,493,centroid,,-83.95880598,40.83418477,
,100000,187,,,-84.10793461,40.74259987,
,100001,187,,,-84.10698161,40.74260487,
,100002,6,,,-84.1058166,40.74259288,
,100003,6,,,-84.1050386,40.74258487,
,100004,5,,,-84.1043528,40.74259526,
,100005,5,,,-84.1033076,40.74261688,
,100006,4,,,-84.10225259,40.74260488,
,100007,5,,,-84.10330497,40.74206716,
,100008,6,,,-84.10501982,40.74208272,
,100009,187,,,-84.10695705,40.74203194,
,100010,185,,,-84.10946561,40.74132187,
,100011,135,,,-84.10870258,40.74132276,
,100012,135,,,-84.10790861,40.74130987,
,100013,135,,,-84.1069396,40.74131087,
,100014,7,,,-84.10620123,40.74134504,
,100015,110,,,-84.10686913,40.73597412,
,100016,7,,,-84.1050426,40.74131588,
,100017,8,,,-84.10432478,40.74134297,
,100018,8,,,-84.10332559,40.74131488,
,100019,4,,,-84.10224159,40.74131288,
,100020,4,,,-84.1022385,40.74073882,
,100021,8,,,-84.10332018,40.74072179,
,100022,7,,,-84.10502208,40.74072703,
,100023,135,,,-84.106947,40.74076646,
,100024,135,,,-84.10788055,40.74063342,
,100025,185,,,-84.10946031,40.74061192,
,100026,178,,,-84.10946161,40.73989587,
,100027,109,,,-84.10865235,40.73990323,
,100028,109,,,-84.1078816,40.73990387,
,100029,109,,,-84.1069066,40.73990387,
,100030,11,,,-84.10614031,40.73991143,
,100032,10,,,-84.10454459,40.73990988,
,100033,10,,,-84.10333259,40.73992688,
,100034,9,,,-84.10222958,40.73995188,
,100035,10,,,-84.10334047,40.73932925,
,100036,11,,,-84.10509131,40.73933171,
,100037,109,,,-84.10691055,40.73927426,
,100038,109,,,-84.10788386,40.73923364,
,100039,178,,,-84.10948109,40.73924614,
,100040,179,,,-84.1094586,40.73856387,
,100041,180,,,-84.10877393,40.73857175,
,100042,180,,,-84.1078926,40.73856287,
,100043,180,,,-84.1069146,40.73857088,
,100044,12,,,-84.10619406,40.73858087,
,100045,12,,,-84.10506059,40.73857388,
,100046,13,,,-84.10439476,40.73857938,
,100047,13,,,-84.10334158,40.73857988,
,100048,9,,,-84.10223558,40.73858188,
,100049,13,,,-84.10332762,40.73794825,
,100050,12,,,-84.10505873,40.73793776,
,100051,180,,,-84.10690862,40.73792565,
,100052,110,,,-84.1094616,40.73714987,
,100053,110,,,-84.10789759,40.73715687,
,100054,110,,,-84.10690359,40.73716187,
,100055,92,,,-84.10616115,40.73717401,
,100056,92,,,-84.10506558,40.73716987,
,100057,74,,,-84.10439583,40.73717207,
,100058,74,,,-84.10335058,40.73717788,
,100059,75,,,-84.10224158,40.73720488,
,100060,75,,,-84.10117157,40.73722988,
,100061,75,,,-84.10224524,40.73679475,
,100062,92,,,-84.10511475,40.73654736,
,100063,110,,,-84.10691114,40.73658287,
,100064,110,,,-84.10946047,40.73611381,
,100065,94,,,-84.10946559,40.73415495,
,100066,94,,,-84.10779658,40.73467988,
,100067,94,,,-84.10678658,40.73469887,
,100068,93,,,-84.10608379,40.73471373,
,100069,93,,,-84.10508958,40.73472987,
,100070,76,,,-84.10369104,40.73474608,
,100071,76,,,-84.10225157,40.73478288,
,100072,76,,,-84.10233543,40.73289645,
,100073,93,,,-84.10504656,40.73285982,
,100074,93,,,-84.10672857,40.73289985,
,100075,94,,,-84.10783858,40.73233692,
,100076,96,,,-84.10781757,40.73016194,
,100077,96,,,-84.10678157,40.73016294,
,100078,97,,,-84.10609627,40.73018628,
,100079,97,,,-84.10508956,40.73019184,
,100080,77,,,-84.10347368,40.73022757,
,100081,77,,,-84.10227155,40.73023694,
,100082,78,,,-84.09909554,40.73028784,
,100083,78,,,-84.09278552,40.73038796,
,100084,78,,,-84.08994651,40.73043288,
,100085,60,,,-84.08264749,40.73050196,
,100086,55,,,-84.09923156,40.73479288,
,100087,55,,,-84.09439355,40.73763588,
,100088,55,,,-84.09921857,40.73714188,
,100089,54,,,-84.09913247,40.73929594,
,100090,54,,,-84.09757957,40.74005988,
,100091,53,,,-84.09908857,40.73998988,
,100092,54,,,-84.10012058,40.73995188,
,100093,53,,,-84.10012658,40.74130888,
,100094,53,,,-84.09907458,40.74133088,
,100095,53,,,-84.09679821,40.74257681,
,100096,53,,,-84.09823458,40.74258488,
,100097,53,,,-84.10011459,40.74258088,
,100098,35,,,-84.10009459,40.74390088,
,100099,55,,,-84.09844797,40.73486523,
,100100,9,,,-84.10226492,40.73823373,
,100101,57,,,-84.08956255,40.74259888,
,100102,57,,,-84.08806137,40.74261874,
,100103,42,,,-84.08481653,40.74260689,
,100104,58,,,-84.07861051,40.74229389,
,100105,172,,,-84.06020246,40.74538891,
,100106,59,,,-84.08492952,40.73768388,
,100107,55,,,-84.09116254,40.73759588,
,100108,171,,,-84.08724926,40.73519884,
,100109,170,,,-84.08001248,40.73069094,
,100110,61,,,-84.07860947,40.73046191,
,100111,58,,,-84.07682747,40.73064084,
,100112,63,,,-84.07441646,40.73065793,
,100113,67,,,-84.07097629,40.73061723,
,100114,66,,,-84.06697344,40.73063292,
,100115,68,,,-84.0563554,40.73079287,
,100116,68,,,-84.05172139,40.73084394,
,100117,65,,,-84.02897132,40.73111089,
,100118,65,,,-84.03236932,40.73108182,
,100119,172,,,-84.03224936,40.74563493,
,100120,173,,,-84.06565348,40.7453369,
,100121,168,,,-84.07037447,40.75630287,
,100122,44,,,-84.06795476,40.75664731,
,100123,45,,,-84.06561946,40.75699686,
,100124,46,,,-84.05115939,40.75961886,
,100125,46,,,-84.04187236,40.76050686,
,100126,47,,,-84.06808738,40.80346872,
,100127,67,,,-84.07026044,40.72822485,
,100128,52,,,-84.03694937,40.74559292,
,100129,166,,,-84.07066639,40.77437676,
,100130,43,,,-84.07061432,40.78899268,
,100131,27,,,-84.07058427,40.79938362,
,100132,27,,,-84.07057225,40.8035116,
,100133,33,,,-84.07078223,40.80910057,
,100134,47,,,-84.07105618,40.81749152,
,100135,68,,,-84.0563498,40.73030321,
,100136,47,,,-84.05160012,40.81761852,
,100137,205,,,-84.05138526,40.78897769,
,100138,205,,,-84.04542424,40.78902869,
,100139,44,,,-84.04082822,40.78902869,
,100140,50,,,-84.02716218,40.7890377,
,100141,48,,,-84.013552,40.81779753,
,100142,172,,,-84.05637321,40.73133606,
,100143,15,,,-84.10392457,40.74640853,
,100144,34,,,-84.09939045,40.7464697,
,100145,49,,,-84.01315708,40.80017164,
,100146,50,,,-84.01321713,40.78906371,
,100147,50,,,-83.99428307,40.7891327,
,100148,51,,,-83.99424812,40.77774078,
,100149,51,,,-84.01324121,40.77089082,
,100150,52,,,-84.02701729,40.76400585,
,100151,52,,,-84.01316124,40.76374786,
,100152,52,,,-84.03262231,40.76278986,
,100153,355,,,-83.99417718,40.76420686,
,100154,68,,,-84.0543424,40.73082182,
,100155,51,,,-84.01326994,40.76775822,
,100156,378,,,-84.01319829,40.74573394,
,100157,356,,,-83.99416422,40.74109492,
,100158,71,,,-83.99416223,40.74564193,
,100159,65,,,-84.03235014,40.73030536,
,100160,71,,,-84.01320929,40.74292393,
,100161,392,,,-84.03232234,40.73683591,
,100162,64,,,-84.01325527,40.73115793,
,100163,181,,,-84.11308472,40.74481417,
,100164,72,,,-83.99419521,40.73106096,
,100165,184,,,-84.11387738,40.74133385,
,100166,45,,,-84.05117331,40.76731528,
,100167,161,,,-84.21407981,40.78727563,
,100168,384,,,-84.12451269,40.74853086,
,100169,130,,,-84.12287569,40.75062086,
,100170,137,,,-84.12544269,40.75210785,
,100171,137,,,-84.12785569,40.75302884,
,100172,22,,,-84.10676675,40.7514485,
,100173,136,,,-84.1308387,40.75357984,
,100174,15,,,-84.10235327,40.75078861,
,100175,117,,,-84.15914876,40.73700485,
,100176,200,,,-84.15264282,40.76441165,
,100177,147,,,-84.14723969,40.76685076,
,100178,111,,,-84.11348669,40.73593866,
,100179,111,,,-84.11649104,40.73351485,
,100180,46,,,-84.06563747,40.75451988,
,100181,45,,,-84.05127035,40.7694128,
,100182,45,,,-84.04186528,40.77716576,
,100183,44,,,-84.05592034,40.77442377,
,100184,44,,,-84.05130632,40.77440977,
,100185,44,,,-84.05145407,40.77235069,
,100186,91,,,-84.03195042,40.64512027,
,100187,115,,,-84.13701376,40.73618419,
,100188,114,,,-84.12745674,40.73653792,
,100189,114,,,-84.12465867,40.73646647,
,100190,52,,,-84.01324596,40.75096895,
,100191,378,,,-84.0054298,40.74571671,
,100192,110,,,-84.11046259,40.73475787,
,100193,119,,,-84.14851678,40.72280689,
,100194,50,,,-84.01330683,40.78044061,
,100195,198,,,-84.12795364,40.76394279,
,100196,49,,,-84.01325086,40.79441542,
,100197,63,,,-84.07330636,40.73113948,
,100198,48,,,-84.01332402,40.81277756,
,100199,67,,,-84.07064347,40.72785286,
,100200,393,,,-84.12689901,40.69028012,
,100201,80,,,-84.09757201,40.7202825,
,100202,79,,,-84.09459317,40.72032256,
,100203,198,,,-84.13761264,40.76981475,
,100204,78,,,-84.09913975,40.72834321,
,100205,78,,,-84.09783414,40.7283608,
,100206,77,,,-84.10242166,40.72829037,
,100207,23,,,-84.10947699,40.75732617,
,100208,22,,,-84.10786414,40.75734803,
,100209,143,,,-84.14304177,40.74623121,
,100210,140,,,-84.14309594,40.74849475,
,100211,34,,,-84.09869942,40.75078593,
,100212,34,,,-84.09869437,40.74997102,
,100213,37,,,-84.09885212,40.75333645,
,100214,39,,,-84.07993373,40.75565048,
,100215,40,,,-84.07976451,40.75475987,
,100216,114,,,-84.13072429,40.73389119,
,100217,114,,,-84.13375974,40.73393453,
,100218,59,,,-84.08726244,40.73612711,
,100219,167,,,-84.07989551,40.75509487,
,100220,166,,,-84.08006842,40.77413176,
,100221,171,,,-84.0872254,40.73452477,
,100222,170,,,-84.08329304,40.73259348,
,100223,169,,,-84.08331036,40.73420106,
,100224,170,,,-84.08326159,40.73208563,
,100225,159,,,-84.18924975,40.78184066,
,100226,154,,,-84.20372032,40.79605088,
,100227,155,,,-84.18929529,40.7842229,
,100228,30,,,-84.17580512,40.79652048,
,100229,154,,,-84.18933771,40.78960163,
,100230,202,,,-84.16078376,40.76777349,
,100231,145,,,-84.16082258,40.76937851,
,100232,18,,,-84.15269195,40.76574014,
,100233,200,,,-84.15264704,40.76387447,
,100234,200,,,-84.14945805,40.7629322,
,100235,18,,,-84.14952433,40.76461226,
,100236,139,,,-84.12845993,40.74825728,
,100237,183,,,-84.12347975,40.74848658,
,100238,63,,,-84.06699659,40.73141208,
,100239,66,,,-84.0669695,40.73022506,
,100240,174,,,-84.06206542,40.73066588,
,100241,174,,,-84.06206494,40.73025901,
,100242,63,,,-84.06209018,40.73136885,
,100243,63,,,-84.07121703,40.73156229,
,100244,143,,,-84.14510526,40.74559882,
,100245,195,,,-84.14801702,40.74556976,
,100246,148,,,-84.1485155,40.75624605,
,100247,123,,,-84.15938042,40.69371883,
,100248,179,,,-84.11049161,40.73856187,
,100249,178,,,-84.11046561,40.73990487,
,100250,110,,,-84.10946359,40.73542887,
,100251,110,,,-84.10786459,40.73591087,
,100252,185,,,-84.11049662,40.74132187,
,100253,186,,,-84.11046862,40.74259887,
,100254,132,,,-84.11048594,40.74341445,
,100255,110,,,-84.11055183,40.73698533,
,100256,80,,,-84.10087586,40.71754173,
,100257,81,,,-84.10083359,40.71572811,
,100258,55,,,-84.09279706,40.73116864,
,100259,78,,,-84.09276428,40.72975527,
,100260,191,,,-84.13555369,40.74017575,
,100261,188,,,-84.13553382,40.73934167,
,100262,191,,,-84.13557238,40.74096045,
,100263,100,,,-84.11544933,40.71908707,
,100264,138,,,-84.11470451,40.75461494,
,100265,23,,,-84.11254691,40.75464427,
,100266,387,,,-84.15521311,40.69910709,
,100267,101,,,-84.15030366,40.69898319,
,100268,163,,,-84.11180455,40.76993276,
,100269,146,,,-84.12802658,40.77475573,
,100270,168,,,-84.07048005,40.76228902,
,100271,176,,,-84.12175478,40.73858404,
,100272,111,,,-84.12190435,40.73716177,
,100273,179,,,-84.1120081,40.73859594,
,100274,110,,,-84.11197689,40.73726639,
,100275,178,,,-84.11201899,40.73992576,
,100276,110,,,-84.10872369,40.73715222,
,100277,178,,,-84.11048837,40.73929734,
,100278,175,,,-84.11348233,40.73800036,
,100279,179,,,-84.11052536,40.73797992,
,100280,179,,,-84.10949252,40.73796509,
,100281,180,,,-84.10789491,40.73800267,
,100282,132,,,-84.11047942,40.74395433,
,100283,187,,,-84.10873282,40.74261345,
,100284,182,,,-84.1079365,40.74333058,
,100285,183,,,-84.12196844,40.74397607,
,100286,183,,,-84.12184204,40.74887735,
,100287,184,,,-84.11651264,40.74266968,
,100288,184,,,-84.11598367,40.74133852,
,100289,187,,,-84.10790933,40.74202521,
,100290,186,,,-84.10947596,40.74203075,
,100291,185,,,-84.11048591,40.74064012,
,100292,184,,,-84.11348268,40.7407111,
,100293,186,,,-84.11052284,40.74201834,
,100294,184,,,-84.1134509,40.74202497,
,100295,185,,,-84.11202951,40.74131636,
,100296,186,,,-84.11204149,40.74261631,
,100297,189,,,-84.12610299,40.73857788,
,100298,114,,,-84.1260681,40.7371048,
,100299,189,,,-84.12599175,40.74001612,
,100300,115,,,-84.13570456,40.73704608,
,100301,190,,,-84.12601879,40.74135233,
,100302,191,,,-84.13488161,40.74519881,
,100303,199,,,-84.14844483,40.75949219,
,100304,136,,,-84.1459443,40.75952688,
,100305,18,,,-84.14808076,40.76690743,
,100306,205,,,-84.05958128,40.78891169,
,100307,63,,,-84.07331946,40.73067281,
,100308,123,,,-84.16553223,40.69363262,
,100309,388,,,-84.18452186,40.693526,
,100310,206,,,-84.14821572,40.75182959,
,100311,208,,,-84.14712475,40.75428582,
,100312,206,,,-84.14793506,40.75426483,
,100313,152,,,-84.20430398,40.72736726,
,100494,123,,,-84.1750779,40.68913724,
,100495,387,,,-84.17522476,40.69951264,
,100496,126,,,-84.17976377,40.70316134,
,100497,100,,,-84.13432431,40.71571721,
,100498,119,,,-84.14557835,40.71550048,
,100499,122,,,-84.17547023,40.70556623,
,100500,120,,,-84.15168845,40.71541559,
,100501,124,,,-84.22300786,40.71469387,
,100502,124,,,-84.21383346,40.71676191,
,100503,124,,,-84.20431883,40.71983591,
,100504,125,,,-84.19511226,40.72258189,
,100505,125,,,-84.18660479,40.72252694,
,100506,125,,,-84.18525579,40.72255193,
,100507,122,,,-84.18507275,40.71535187,
,100508,125,,,-84.18506326,40.71127378,
,100509,125,,,-84.20410576,40.71118296,
,100510,124,,,-84.20411727,40.70728535,
,100511,124,,,-84.22288521,40.70713027,
,100512,91,,,-84.04629268,40.65195209,
,100513,127,,,-84.22279975,40.6933759,
,100514,127,,,-84.21169073,40.69589391,
,100515,127,,,-84.21006473,40.69626285,
,100516,127,,,-84.20396572,40.69764491,
,100517,126,,,-84.19470736,40.69985921,
,100518,126,,,-84.18483869,40.70205486,
,100519,126,,,-84.17530467,40.70421287,
,100520,123,,,-84.17501862,40.6935039,
,100521,127,,,-84.20393668,40.69345061,
,100522,128,,,-84.22262771,40.68588394,
,100523,128,,,-84.20385267,40.686098,
,100524,129,,,-84.17893302,40.68625618,
,100525,129,,,-84.17503059,40.68623491,
,100526,105,,,-84.16544657,40.6862949,
,100527,128,,,-84.20365859,40.67142095,
,100528,129,,,-84.20352454,40.66123403,
,100529,0,,,-84.22251764,40.67140292,
,100530,0,,,-84.2224636,40.66421193,
,100531,128,,,-84.21709159,40.66421196,
,100532,129,,,-84.20356356,40.66421101,
,100533,129,,,-84.20346952,40.65701098,
,100534,129,,,-84.19893555,40.66422595,
,100535,105,,,-84.16529347,40.66438291,
,100536,105,,,-84.15103744,40.66454795,
,100537,386,,,-84.15083141,40.65741298,
,100538,0,,,-84.13408738,40.65753497,
,100539,106,,,-84.1341934,40.66473394,
,100540,106,,,-84.13368135,40.67588896,
,100541,105,,,-84.15104796,40.67563406,
,100542,106,,,-84.13905916,40.66473867,
,100543,102,,,-84.15615718,40.68643801,
,100544,393,,,-84.15114253,40.68647498,
,100545,102,,,-84.15121674,40.68767029,
,100546,106,,,-84.14238283,40.68655268,
,100547,106,,,-84.12861847,40.68663989,
,100548,106,,,-84.12451646,40.68665188,
,100549,107,,,-84.12223945,40.68665886,
,100550,107,,,-84.12020567,40.6865942,
,100551,393,,,-84.12516849,40.69398392,
,100552,103,,,-84.12326613,40.69816504,
,100553,393,,,-84.12756177,40.6939288,
,100554,393,,,-84.15126756,40.69363996,
,100555,123,,,-84.15148558,40.69902283,
,100556,387,,,-84.15154604,40.70250926,
,100557,387,,,-84.15147661,40.70568992,
,100558,101,,,-84.14733413,40.70583671,
,100559,101,,,-84.13961959,40.70839781,
,100560,103,,,-84.12918956,40.7086149,
,100561,100,,,-84.13715261,40.7157189,
,100562,100,,,-84.11556217,40.71496379,
,100563,120,,,-84.15169667,40.71958387,
,100564,120,,,-84.16838973,40.72261082,
,100565,120,,,-84.1583907,40.72266091,
,100566,120,,,-84.15174868,40.7227978,
,100567,116,,,-84.14608868,40.72832384,
,100568,47,,,-84.05136118,40.8049116,
,100569,95,,,-84.12211061,40.72762682,
,100570,95,,,-84.11745559,40.72613793,
,100571,78,,,-84.09792118,40.7263643,
,100572,96,,,-84.11330258,40.72616496,
,100573,96,,,-84.11016556,40.72621288,
,100574,96,,,-84.10678456,40.7281849,
,100575,97,,,-84.10508714,40.72815726,
,100576,77,,,-84.10164711,40.72830083,
,100577,96,,,-84.10681155,40.72626382,
,100578,97,,,-84.10591055,40.72627585,
,100579,97,,,-84.10510355,40.72631593,
,100580,77,,,-84.10327354,40.7263139,
,100581,77,,,-84.10034753,40.7263419,
,100582,78,,,-84.09916253,40.72636491,
,100583,77,,,-84.09923952,40.72450389,
,100584,80,,,-84.0962405,40.72028481,
,100585,98,,,-84.10513053,40.72224291,
,100586,98,,,-84.10514561,40.71857092,
,100587,100,,,-84.11335156,40.72385693,
,100588,100,,,-84.11355151,40.7191086,
,100589,100,,,-84.11529254,40.71561193,
,100590,98,,,-84.10991583,40.71600921,
,100591,81,,,-84.10804952,40.71669392,
,100592,81,,,-84.10544251,40.71671686,
,100593,81,,,-84.10516752,40.71671595,
,100594,81,,,-84.10224481,40.71672286,
,100595,81,,,-84.10084187,40.71671418,
,100596,80,,,-84.09406248,40.71670183,
,100597,79,,,-84.09149638,40.71671501,
,100598,79,,,-84.08997347,40.71674485,
,100599,84,,,-84.08115544,40.71683781,
,100600,84,,,-84.07926144,40.71685085,
,100601,62,,,-84.07708143,40.71699683,
,100602,69,,,-84.07328842,40.71702385,
,100603,83,,,-84.09046845,40.70947785,
,100604,81,,,-84.1053675,40.71280387,
,100605,99,,,-84.10836552,40.71428792,
,100606,104,,,-84.11850153,40.7085169,
,100607,99,,,-84.11149437,40.7157382,
,100608,99,,,-84.1082925,40.70852793,
,100609,82,,,-84.1053338,40.70841052,
,100610,82,,,-84.10527179,40.705911,
,100611,104,,,-84.10828348,40.70216992,
,100612,204,,,-84.10521046,40.70216883,
,100613,204,,,-84.10205746,40.70216787,
,100614,84,,,-84.08986542,40.70219894,
,100615,84,,,-84.08026032,40.70223189,
,100616,84,,,-84.08985841,40.6995189,
,100617,85,,,-84.08986941,40.69843993,
,100618,86,,,-84.08902161,40.69855696,
,100619,85,,,-84.08987538,40.68756589,
,100620,85,,,-84.0898571,40.67988245,
,100621,85,,,-84.10815842,40.68748788,
,100622,85,,,-84.10814542,40.68661782,
,100623,89,,,-84.10795035,40.66572982,
,100624,107,,,-84.10802929,40.6648573,
,100625,89,,,-84.0897493,40.66572082,
,100626,89,,,-84.08972827,40.65545592,
,100627,89,,,-84.09741143,40.65512262,
,100628,0,,,-84.10789631,40.6549248,
,100629,0,,,-84.1098774,40.65481128,
,100630,89,,,-84.08981385,40.64949103,
,100631,0,,,-84.08991776,40.64323167,
,100632,90,,,-84.07035023,40.65573681,
,100633,91,,,-84.04645618,40.6561188,
,100634,86,,,-84.07046326,40.66586185,
,100635,90,,,-84.05133322,40.66590386,
,100636,88,,,-84.05134923,40.6689559,
,100637,88,,,-84.05137124,40.67314774,
,100638,88,,,-84.05140282,40.6792005,
,100639,88,,,-84.05144727,40.68774384,
,100640,87,,,-84.07056932,40.68666982,
,100641,87,,,-84.07057632,40.68768679,
,100642,87,,,-84.07068837,40.70225693,
,100643,88,,,-84.05152731,40.70232483,
,100644,90,,,-84.07047997,40.6608217,
,100645,67,,,-84.07078844,40.72707594,
,100646,69,,,-84.0706858,40.70943964,
,100647,69,,,-84.07080741,40.71685979,
,100648,69,,,-84.06751589,40.71686421,
,100649,70,,,-84.05162635,40.71695485,
,100650,67,,,-84.06874043,40.72754182,
,100651,67,,,-84.06258041,40.72570085,
,100652,67,,,-84.05637038,40.72380892,
,100653,67,,,-84.05179636,40.72258281,
,100654,68,,,-84.05174138,40.7286849,
,100655,70,,,-84.02800628,40.71518096,
,100656,70,,,-84.01314622,40.71052187,
,100657,72,,,-84.01318124,40.71687582,
,100658,365,,,-83.99411018,40.71659788,
,100659,70,,,-83.99893817,40.70394881,
,100660,73,,,-83.99428515,40.70153685,
,100661,367,,,-83.98886414,40.6988719,
,100662,73,,,-84.013129,40.70222553,
,100663,70,,,-84.02767725,40.70233894,
,100664,70,,,-84.03240226,40.70234593,
,100665,73,,,-84.03229586,40.68407087,
,100666,73,,,-84.03229143,40.67918272,
,100667,73,,,-84.03221117,40.66593479,
,100668,91,,,-84.03213715,40.65624482,
,100669,73,,,-84.02257715,40.66595681,
,100670,73,,,-84.0110154,40.66597124,
,100671,387,,,-84.16354264,40.70493691,
,100672,87,,,-84.06768616,40.68752226,
,100673,86,,,-84.0705356,40.67983522,
,100674,0,,,-84.10795778,40.65440367,
,100675,82,,,-84.10416173,40.7084154,
,100676,96,,,-84.10681469,40.72592585,
,100677,259,,,-84.34230119,40.84504052,
,100678,257,,,-84.34230681,40.84269385,
,100679,262,,,-84.3410761,40.84719749,
,100680,259,,,-84.34096523,40.84374109,
,100681,257,,,-84.34091963,40.84271534,
,100682,267,,,-84.33582086,40.84516548,
,100683,278,,,-84.33570531,40.84246939,
,100684,280,,,-84.33419948,40.83667741,
,100685,281,,,-84.33959226,40.83580592,
,100686,279,,,-84.33792459,40.84072799,
,100687,251,,,-84.34103483,40.84067985,
,100688,267,,,-84.33712803,40.84512333,
,100689,278,,,-84.33535981,40.84279309,
,100690,266,,,-84.33971414,40.84506412,
,100691,259,,,-84.34100398,40.84504964,
,100692,267,,,-84.33718574,40.84714241,
,100693,267,,,-84.33589173,40.8471377,
,100694,256,,,-84.34274193,40.84503368,
,100695,262,,,-84.34110365,40.84808903,
,100696,262,,,-84.34284647,40.84717554,
,100697,262,,,-84.3428666,40.84792449,
,100698,114,,,-84.12389162,40.73035393,
,100699,72,,,-83.99635932,40.71662495,
,100700,256,,,-84.3433091,40.84502489,
,100701,153,,,-84.21464765,40.81661749,
,100702,154,,,-84.20409461,40.8166935,
,100703,154,,,-84.20391966,40.80721754,
,100704,153,,,-84.20342369,40.80169957,
,100705,262,,,-84.34637969,40.84712072,
,100706,236,,,-84.22401679,40.79582458,
,100707,153,,,-84.21597778,40.7921676,
,100708,158,,,-84.20758778,40.78834763,
,100709,157,,,-84.2057186,40.78858049,
,100710,157,,,-84.20501377,40.78862062,
,100711,156,,,-84.20370675,40.79091161,
,100712,157,,,-84.20375576,40.78869363,
,100713,158,,,-84.20380767,40.78803197,
,100714,158,,,-84.20378977,40.78712263,
,100715,158,,,-84.20532465,40.78761113,
,100716,229,,,-84.22386684,40.78722262,
,100717,236,,,-84.22408976,40.80141956,
,100718,229,,,-84.22354897,40.76377473,
,100719,262,,,-84.34639823,40.84780931,
,100720,162,,,-84.22334104,40.75111478,
,100721,161,,,-84.20225696,40.7513608,
,100722,161,,,-84.19854594,40.75265679,
,100723,160,,,-84.20347486,40.7716817,
,100724,160,,,-84.20035251,40.76800333,
,100725,161,,,-84.19392391,40.75527778,
,100726,160,,,-84.1917939,40.75596978,
,100727,156,,,-84.20149317,40.78763786,
,100728,395,,,-84.18714076,40.74009255,
,100729,395,,,-84.18706286,40.73691684,
,100730,152,,,-84.19278788,40.73686283,
,100731,152,,,-84.19821091,40.74045682,
,100732,162,,,-84.19821189,40.73680983,
,100733,152,,,-84.20432688,40.72990182,
,100734,213,,,-84.22326099,40.74022681,
,100735,211,,,-84.22318194,40.72946385,
,100736,192,,,-84.17011578,40.73340777,
,100737,192,,,-84.17493081,40.73678984,
,100738,151,,,-84.1701218,40.73696584,
,100739,203,,,-84.16480878,40.73698485,
,100740,41,,,-84.16044543,40.73704194,
,100741,118,,,-84.15588975,40.73701585,
,100742,142,,,-84.15069438,40.73709119,
,100743,142,,,-84.15049809,40.73997261,
,100744,41,,,-84.1597476,40.73991731,
,100745,203,,,-84.16481379,40.73972484,
,100746,150,,,-84.16484084,40.74422984,
,100747,203,,,-84.16494641,40.74658605,
,100748,195,,,-84.14908064,40.74898806,
,100749,150,,,-84.1536298,40.75011584,
,100750,203,,,-84.16515382,40.75313881,
,100751,30,,,-84.16640499,40.81569086,
,100752,161,,,-84.21427795,40.76061274,
,100753,335,,,-83.88900408,40.89334927,
,100754,331,,,-83.89632822,40.89961362,
,100755,331,,,-83.8908205,40.89625063,
,100756,336,,,-83.89330482,40.89232753,
,100757,334,,,-83.8866815,40.88740771,
,100758,336,,,-83.8951888,40.89357613,
,100759,210,,,-84.27383072,40.68583987,
,100760,0,,,-84.27379184,40.68433358,
,100761,215,,,-84.33956001,40.73560346,
,100762,241,,,-84.33815083,40.73605265,
,100763,0,,,-84.29929395,40.68391093,
,100764,0,,,-84.31833099,40.68362053,
,100765,0,,,-84.35950696,40.81741747,
,100766,161,,,-84.20323297,40.7512928,
,100767,265,,,-84.33720772,40.84796268,
,100768,265,,,-84.33591436,40.84798267,
,100769,274,,,-84.32949366,40.84628949,
,100770,162,,,-84.20311793,40.74036082,
,100771,161,,,-84.19508292,40.75490178,
,100772,161,,,-84.20336493,40.75714677,
,100773,160,,,-84.20348469,40.77285508,
,100774,379,,,-84.20349559,40.77588691,
,100775,380,,,-84.18438031,40.77288307,
,100776,160,,,-84.19582887,40.77281794,
,100777,380,,,-84.17872033,40.77291431,
,100778,380,,,-84.18435485,40.77708906,
,101745,384,,,-84.12637062,40.75006717,
,101746,136,,,-84.14715359,40.75699088,
,101747,196,,,-84.16614937,40.77256783,
,101748,145,,,-84.16406894,40.772597,
,101749,197,,,-84.1653139,40.77784413,
,101750,381,,,-84.17477995,40.77487714,
,101751,151,,,-84.17414784,40.7554158,
,101752,151,,,-84.17941886,40.75617979,
,101753,151,,,-84.18422287,40.75612579,
,101754,160,,,-84.18440882,40.76576074,
,101755,380,,,-84.18436381,40.768047,
,101756,380,,,-84.16531176,40.76572975,
,101757,145,,,-84.1608014,40.76832481,
,101758,381,,,-84.16536973,40.77040573,
,101759,381,,,-84.17103274,40.77312872,
,101760,196,,,-84.16534238,40.77257844,
,101761,197,,,-84.1539604,40.77553098,
,101762,155,,,-84.15950951,40.78017194,
,101763,155,,,-84.16542168,40.78007868,
,101764,134,,,-84.12193468,40.74238148,
,101765,381,,,-84.18438475,40.77950168,
,101766,139,,,-84.13242912,40.7455021,
,101767,159,,,-84.19288976,40.78351565,
,101768,156,,,-84.19518876,40.78480265,
,101769,159,,,-84.20132677,40.78606664,
,101770,156,,,-84.20095576,40.78738963,
,101771,154,,,-84.19382455,40.78749576,
,101772,155,,,-84.18931372,40.78742364,
,101773,154,,,-84.16555112,40.78729015,
,101774,30,,,-84.16557463,40.78998364,
,101775,30,,,-84.17754659,40.80379257,
,101776,30,,,-84.17796559,40.80547456,
,101777,30,,,-84.18057054,40.8168465,
,101778,177,,,-84.12279443,40.7399862,
,101779,30,,,-84.16646849,40.8169215,
,101780,30,,,-84.15682146,40.81697151,
,101781,30,,,-84.15668654,40.80185758,
,101782,30,,,-84.15656961,40.78877765,
,101783,155,,,-84.15604886,40.78692972,
,101784,155,,,-84.15473307,40.78382809,
,101785,197,,,-84.15438364,40.78009369,
,101786,146,,,-84.14075752,40.78021269,
,101787,146,,,-84.13795059,40.7802387,
,101788,18,,,-84.14725568,40.76775476,
,101789,147,,,-84.14715214,40.76427026,
,101790,382,,,-84.14719271,40.76181978,
,101791,382,,,-84.14452671,40.76060079,
,101792,382,,,-84.14216471,40.7595118,
,101793,382,,,-84.14008271,40.75850481,
,101794,136,,,-84.14717173,40.7594568,
,101795,136,,,-84.14714274,40.75627281,
,101796,194,,,-84.14710277,40.75186284,
,101797,206,,,-84.14707189,40.75059295,
,101798,140,,,-84.13787974,40.74985185,
,101799,140,,,-84.13263572,40.74991086,
,101800,195,,,-84.14707077,40.74837684,
,101801,140,,,-84.14307279,40.7474434,
,101802,143,,,-84.13892783,40.74628501,
,101803,191,,,-84.13706173,40.74578485,
,101804,144,,,-84.1323407,40.74452386,
,101805,144,,,-84.1308364,40.74414929,
,101806,144,,,-84.1299587,40.74390347,
,101807,144,,,-84.1323727,40.74281286,
,101808,191,,,-84.13709072,40.74395285,
,101809,195,,,-84.14700016,40.74558387,
,101810,143,,,-84.14679114,40.74090823,
,101811,112,,,-84.14681873,40.73990985,
,101812,143,,,-84.14197572,40.74005396,
,101813,143,,,-84.14047565,40.74011154,
,101814,191,,,-84.1370327,40.74016586,
,101815,144,,,-84.13237769,40.74015086,
,101816,113,,,-84.12987296,40.74002026,
,101817,113,,,-84.12996767,40.73862386,
,101818,113,,,-84.13235968,40.73863786,
,101819,188,,,-84.1370367,40.73879386,
,101820,112,,,-84.14674256,40.73888276,
,101821,115,,,-84.14673272,40.73703885,
,101822,115,,,-84.14339379,40.73706235,
,101823,115,,,-84.13871781,40.73708362,
,101824,115,,,-84.13706169,40.73704086,
,101825,113,,,-84.13235968,40.73800986,
,101826,114,,,-84.13230867,40.73702886,
,101827,114,,,-84.12989194,40.7370609,
,101828,114,,,-84.13244642,40.73391366,
,101829,115,,,-84.14676271,40.73376684,
,101830,193,,,-84.14682369,40.73031979,
,101831,116,,,-84.14325268,40.73026482,
,101832,116,,,-84.13858467,40.73030792,
,101833,116,,,-84.13240565,40.73025686,
,101834,114,,,-84.11919062,40.73342779,
,101835,95,,,-84.11985361,40.73030791,
,101836,95,,,-84.1161486,40.7303308,
,101837,116,,,-84.14697368,40.72776881,
,101838,95,,,-84.11341459,40.73028188,
,101839,96,,,-84.11047219,40.73010948,
,101840,95,,,-84.11352656,40.7322901,
,101841,111,,,-84.1134386,40.73373581,
,101842,111,,,-84.11349078,40.73611264,
,101843,114,,,-84.11920101,40.73561612,
,101844,110,,,-84.1104806,40.73714487,
,101845,111,,,-84.11346161,40.73726087,
,101846,111,,,-84.11647399,40.73723675,
,101847,111,,,-84.11919663,40.73720487,
,101848,114,,,-84.12466465,40.73715386,
,101849,114,,,-84.12762566,40.73709287,
,101850,189,,,-84.12759081,40.73800491,
,101851,189,,,-84.12762066,40.73858486,
,101852,189,,,-84.12464865,40.73857387,
,101853,176,,,-84.11919863,40.73859587,
,101854,175,,,-84.11631849,40.73859918,
,101855,175,,,-84.11345862,40.73856887,
,101856,108,,,-84.11347563,40.73918246,
,101857,108,,,-84.11345862,40.73992687,
,101858,108,,,-84.11634699,40.73998416,
,101859,177,,,-84.11921982,40.73932106,
,101860,134,,,-84.11920264,40.74002587,
,101861,134,,,-84.12182737,40.74000679,
,101862,189,,,-84.12463266,40.73997186,
,101863,190,,,-84.12761567,40.74003386,
,101864,190,,,-84.12460503,40.74080577,
,101865,384,,,-84.12618587,40.74838515,
,101866,190,,,-84.12766667,40.74137486,
,101867,190,,,-84.12464066,40.74130986,
,101868,134,,,-84.12189277,40.74133031,
,101869,134,,,-84.12126987,40.74133882,
,101870,184,,,-84.11346262,40.74132987,
,101871,184,,,-84.11345163,40.74259787,
,101872,134,,,-84.11921265,40.74259387,
,101873,190,,,-84.12462967,40.74251586,
,101874,144,,,-84.12771894,40.74264981,
,101875,144,,,-84.12774068,40.74333186,
,101876,139,,,-84.12774068,40.74397886,
,101877,384,,,-84.12465967,40.74397886,
,101878,183,,,-84.11922466,40.74395687,
,101879,133,,,-84.11652608,40.74396261,
,101880,133,,,-84.11344221,40.74396645,
,101881,133,,,-84.11346264,40.74501787,
,101882,183,,,-84.11923453,40.74511856,
,101883,139,,,-84.12773754,40.74828091,
,101884,139,,,-84.12776571,40.74999186,
,101885,136,,,-84.1278287,40.75212685,
,101886,138,,,-84.12665569,40.75155985,
,101887,384,,,-84.12468412,40.75017769,
,101888,183,,,-84.11925567,40.74762287,
,101889,133,,,-84.11679684,40.74660254,
,101890,130,,,-84.11345203,40.74637948,
,101891,130,,,-84.11346933,40.74920301,
,101892,131,,,-84.11095878,40.75080199,
,101893,130,,,-84.11348565,40.75073786,
,101894,130,,,-84.11806667,40.75066486,
,101895,138,,,-84.11348139,40.75463157,
,101896,137,,,-84.12786768,40.75486383,
,101897,137,,,-84.12789266,40.75868781,
,101898,138,,,-84.12138522,40.75879973,
,101899,138,,,-84.11348261,40.75902682,
,101900,385,,,-84.11357559,40.76234381,
,101901,165,,,-84.11612357,40.76980376,
,101902,165,,,-84.12069359,40.76965476,
,101903,198,,,-84.12801861,40.76948976,
,101904,165,,,-84.12799956,40.7802747,
,101905,24,,,-84.12813852,40.78745366,
,101906,25,,,-84.11827642,40.78795344,
,101907,31,,,-84.12846045,40.80200859,
,101908,31,,,-84.12855704,40.80911306,
,101909,24,,,-84.1282467,40.78999868,
,101910,31,,,-84.12980238,40.81714651,
,101911,134,,,-84.12078621,40.74001452,
,101912,32,,,-84.11312437,40.80692057,
,101913,133,,,-84.11652678,40.74422775,
,101914,33,,,-84.09707927,40.81729851,
,101915,33,,,-84.08929038,40.81737836,
,101916,33,,,-84.10024312,40.8100876,
,101917,27,,,-84.08258954,40.80313907,
,101918,27,,,-84.08946331,40.80291459,
,101919,26,,,-84.10043096,40.80280953,
,101920,33,,,-84.10344336,40.80272459,
,101921,25,,,-84.10889241,40.79675162,
,101922,26,,,-84.10881445,40.79544541,
,101923,28,,,-84.10883945,40.78820167,
,101924,26,,,-84.10149261,40.78840869,
,101925,43,,,-84.08959439,40.78839868,
,101926,43,,,-84.08757361,40.78855696,
,101927,43,,,-84.0896409,40.77918448,
,101928,28,,,-84.108716,40.7809229,
,101929,29,,,-84.10873753,40.77218875,
,101930,163,,,-84.10875854,40.77002377,
,101931,163,,,-84.10875155,40.76894577,
,101932,17,,,-84.10695654,40.76896277,
,101933,36,,,-84.08968446,40.77381876,
,101934,166,,,-84.0844399,40.77397558,
,101935,36,,,-84.08956051,40.76337781,
,101936,17,,,-84.10868855,40.76731278,
,101937,17,,,-84.10863213,40.76563435,
,101938,16,,,-84.10869357,40.76469879,
,101939,20,,,-84.10500455,40.7647508,
,101940,19,,,-84.1050096,40.76179994,
,101941,16,,,-84.10867441,40.76171966,
,101942,23,,,-84.10862159,40.75896182,
,101943,188,,,-84.13359243,40.73873166,
,101944,22,,,-84.10694672,40.75894398,
,101945,22,,,-84.10504858,40.75901483,
,101946,21,,,-84.10160644,40.75908869,
,101947,37,,,-84.09880531,40.75935193,
,101948,37,,,-84.09586555,40.75923183,
,101949,37,,,-84.09190753,40.76032183,
,101950,36,,,-84.08953552,40.76126182,
,101951,38,,,-84.08954354,40.75586386,
,101952,35,,,-84.0996383,40.74401631,
,101953,39,,,-84.07936228,40.75518597,
,101954,40,,,-84.0763865,40.75536687,
,101955,168,,,-84.07314392,40.75585489,
,101956,46,,,-84.07171848,40.75606687,
,101957,54,,,-84.10010963,40.73970884,
,101958,168,,,-84.07343149,40.75605187,
,101959,39,,,-84.0764985,40.75565187,
,101960,132,,,-84.10947214,40.74336952,
,101961,16,,,-84.11022557,40.76470679,
,101962,40,,,-84.08572654,40.75392787,
,101963,34,,,-84.08952556,40.75334387,
,101964,34,,,-84.09182757,40.75301187,
,101965,34,,,-84.09469358,40.75246287,
,101966,37,,,-84.09883084,40.75203065,
,101967,21,,,-84.10169657,40.75191411,
,101968,21,,,-84.10319922,40.7519198,
,101969,22,,,-84.10500191,40.75455326,
,101970,22,,,-84.10505142,40.75519277,
,101971,22,,,-84.10852103,40.75503646,
,101972,23,,,-84.10858217,40.7573383,
,101973,14,,,-84.10846564,40.75085787,
,101974,14,,,-84.10676963,40.75082987,
,101975,14,,,-84.10611075,40.75084171,
,101976,14,,,-84.10496662,40.75081787,
,101977,15,,,-84.10318162,40.75079687,
,101978,37,,,-84.10007058,40.75048766,
,101979,34,,,-84.1001362,40.7488126,
,101980,34,,,-84.10002523,40.74646115,
,101981,15,,,-84.10325352,40.74641759,
,101982,14,,,-84.10503089,40.74639357,
,101983,14,,,-84.10501989,40.74799991,
,101984,14,,,-84.10693208,40.74800001,
,101985,14,,,-84.10849363,40.74792187,
,101986,132,,,-84.10947062,40.74397487,
,101987,182,,,-84.10853562,40.74398087,
,101988,182,,,-84.10788262,40.74397787,
,101989,182,,,-84.10695261,40.74398087,
,101990,1,,,-84.10615057,40.74397824,
,101991,1,,,-84.10503261,40.74395688,
,101992,2,,,-84.10438416,40.74393758,
,101993,2,,,-84.1032696,40.74393688,
,101994,3,,,-84.1022646,40.74392188,
,101995,3,,,-84.10228056,40.7432688,
,101996,2,,,-84.10329997,40.74330668,
,101997,1,,,-84.10504849,40.74330887,
,101998,182,,,-84.10693647,40.74331119,
,101999,186,,,-84.10946762,40.74259887,
,102000,184,,,-84.11650344,40.74245796,
,102001,183,,,-84.121988,40.7443987,
,102002,40,,,-84.0773045,40.75515487,
,102003,40,,,-84.0759695,40.75467587,
,102004,168,,,-84.07328649,40.75604787,
,102005,168,,,-84.07333249,40.75582787,
,102006,181,,,-84.10947538,40.74436256,
,102007,181,,,-84.10853233,40.74475135,
,102008,181,,,-84.10695809,40.74477267,
,102009,181,,,-84.10790996,40.74475978,
,102010,193,,,-84.14885625,40.73032914,
,102011,14,,,-84.10694855,40.74635098,
,102012,131,,,-84.108521,40.74632969,
,102013,181,,,-84.11048866,40.7443481,
,102014,131,,,-84.11053484,40.74631697,
,102015,131,,,-84.11055024,40.74697326,
,102016,7,,,-84.10504817,40.73995067,
,102017,8,,,-84.1048103,40.73990759,
,102018,11,,,-84.10504964,40.73984753,
,102019,11,,,-84.10529442,40.73990972,
,102020,10,,,-84.10498378,40.73985629,
,102021,7,,,-84.10498569,40.73993785,
,102022,7,,,-84.10512054,40.73993836,
,102023,11,,,-84.10511864,40.7398568,
,102500,311,,,-83.99754395,40.81901852,
,102501,313,,,-83.99752795,40.81873452,
,102506,48,,,-84.0385422,40.79207268,
,102507,48,,,-84.0379402,40.79214568,
,102508,44,,,-84.04872926,40.78531271,
,102509,44,,,-84.04697325,40.78624171,
,102510,61,,,-84.07555447,40.72944395,
,102511,67,,,-84.07543446,40.73010991,
,102512,168,,,-84.07078241,40.77078379,
,102513,168,,,-84.07067141,40.77059878,
,102514,168,,,-84.07557447,40.76105283,
,102515,168,,,-84.07546246,40.76314882,
,102516,168,,,-84.0755765,40.75563287,
,102517,168,,,-84.0754495,40.75562987,
,102518,46,,,-84.07555251,40.75325888,
,102519,46,,,-84.07544151,40.75288388,
,102520,58,,,-84.07559647,40.73356387,
,102521,173,,,-84.07544148,40.73542689,
,102522,61,,,-84.07550745,40.7258279,
,102523,67,,,-84.07529145,40.72554481,
,102524,62,,,-84.07538243,40.72060385,
,102525,69,,,-84.07508242,40.71699285,
,102526,62,,,-84.07535043,40.71740493,
,102527,69,,,-84.07506242,40.71387695,
,102528,84,,,-84.07571038,40.70259981,
,102529,69,,,-84.07538738,40.7026209,
,102530,86,,,-84.0851444,40.69909291,
,102531,86,,,-84.0855194,40.69890693,
,102532,85,,,-84.09445042,40.69907079,
,102533,85,,,-84.09434442,40.69885882,
,102534,107,,,-84.10839946,40.69877391,
,102535,107,,,-84.10831746,40.6985949,
,102536,104,,,-84.12156846,40.68846785,
,102537,107,,,-84.12045546,40.68920594,
,102538,106,,,-84.12613246,40.68406381,
,102539,107,,,-84.12524146,40.68465086,
,102540,107,,,-84.13145437,40.65761583,
,102541,0,,,-84.13116737,40.65755596,
,102542,61,,,-84.07685212,40.73040997,
,102544,100,,,-84.11699527,40.71181745,
,102545,45,,,-84.06434844,40.75824486,
,102546,90,,,-84.07052425,40.6522019,
,102553,31,,,-84.12879538,40.81628151,
,102554,66,,,-84.06848644,40.72936192,
,102555,155,,,-84.16552672,40.78628477,
,102556,160,,,-84.19279291,40.75564578,
,103400,31,,,-84.14733643,40.81703351,
,103413,48,,,-84.02794905,40.81773853,
,103415,367,,,-83.98930332,40.69482977,
,103422,91,,,-84.03212615,40.65388574,
,103500,343,,,-83.89912478,40.81235654,
,103501,0,,,-83.88015174,40.81256654,
,103502,357,,,-83.98557362,40.71685993,
,103503,365,,,-83.99398798,40.70955324,
,103504,342,,,-83.89935265,40.84867443,
,103505,0,,,-83.88026162,40.84796445,
,103506,343,,,-83.89923076,40.81960752,
,103507,0,,,-83.88016972,40.81979352,
,103508,349,,,-83.89903587,40.78680562,
,103509,0,,,-83.88008082,40.79062859,
,103510,361,,,-83.89930093,40.70286858,
,103511,0,,,-83.87993188,40.70322954,
,103512,326,,,-83.8996174,40.9202832,
,103513,332,,,-83.88050038,40.92036826,
,103514,341,,,-83.8993917,40.83413147,
,103515,0,,,-83.88022067,40.83429348,
,103516,340,,,-83.8996016,40.86325838,
,103517,0,,,-83.88030657,40.86245441,
,103518,358,,,-83.90854502,40.74678575,
,103519,358,,,-83.88001795,40.74695969,
,103520,349,,,-83.89901884,40.79688759,
,103521,0,,,-83.88011578,40.80142357,
,103524,373,,,-83.89317484,40.65389248,
,103525,0,,,-83.8800948,40.65222044,
,103526,351,,,-83.89888196,40.7613697,
,103527,351,,,-83.87998492,40.76167767,
,103528,335,,,-83.88947348,40.8951763,
,103529,333,,,-83.88355345,40.89963631,
,103530,373,,,-83.88697581,40.64478851,
,103531,350,,,-83.89898591,40.77587466,
,103532,350,,,-83.88003287,40.77617163,
,103533,335,,,-83.88825748,40.89422731,
,103534,334,,,-83.88040147,40.89240233,
,103535,359,,,-83.89932598,40.73232863,
,103536,359,,,-83.87984193,40.73241467,
,103537,342,,,-83.89924673,40.8274455,
,103538,342,,,-83.88021969,40.8277715,
,103539,343,,,-83.89925073,40.8270735,
,103540,0,,,-83.8801867,40.8274595,
,103541,340,,,-83.89490652,40.88385432,
,103542,340,,,-83.8807775,40.88446335,
,103543,340,,,-83.89311352,40.88427533,
,103544,340,,,-83.8807725,40.88466435,
,103545,309,,,-83.99515963,40.89061708,
,103546,311,,,-84.0342478,40.83204513,
,103547,313,,,-83.99123156,40.81771696,
,103548,0,,,-83.87727239,40.82749301,
,103549,308,,,-84.02814472,40.89021409,
,103550,307,,,-84.02826169,40.89748404,
,103551,309,,,-84.00446865,40.89060008,
,103552,315,,,-83.97583361,40.83164661,
,103553,323,,,-83.95748858,40.89134016,
,103554,339,,,-83.90901921,40.89212725,
,103555,339,,,-83.91912153,40.89194825,
,103556,327,,,-83.9192055,40.89921922,
,103557,306,,,-84.05213479,40.8898831,
,103558,306,,,-84.05226676,40.89731806,
,103559,308,,,-84.01374768,40.89047808,
,103560,307,,,-84.01383562,40.90485399,
,103561,323,,,-83.93834755,40.8916392,
,103562,325,,,-83.93839953,40.89889517,
,103563,368,,,-83.98551048,40.6587167,
,103564,306,,,-84.07401783,40.89393109,
,103565,306,,,-84.07294881,40.89726707,
,103566,335,,,-83.89031462,40.89448927,
,103567,323,,,-83.9764836,40.89115612,
,103568,325,,,-83.97640854,40.90532404,
,103569,262,,,-84.34947732,40.84709802,
,103570,337,,,-83.90005515,40.89228444,
,103571,328,,,-83.90020517,40.89962673,
,103572,224,,,-84.39680223,40.69950842,
,103574,246,,,-84.3590608,40.79038074,
,103575,0,,,-84.39735826,40.81589096,
,103576,248,,,-84.39725729,40.801145,
,103577,225,,,-84.39690128,40.71409439,
,103578,297,,,-84.16654489,40.82414394,
,103579,298,,,-84.13796321,40.85293533,
,103580,259,,,-84.34228335,40.84373406,
,103581,296,,,-84.16659637,40.83938739,
,103582,298,,,-84.14730934,40.83424842,
,103583,368,,,-83.98476088,40.65135067,
,103584,372,,,-83.9297549,40.64456456,
,103585,368,,,-83.97554501,40.64419167,
,103586,298,,,-84.13793518,40.85997429,
,103587,298,,,-84.1664254,40.83479542,
,103588,297,,,-84.14732436,40.83013144,
,103589,297,,,-84.1666384,40.83457642,
,103590,297,,,-84.14732936,40.82986244,
,103591,241,,,-84.34937361,40.75764734,
,103592,243,,,-84.34941659,40.76487631,
,103593,290,,,-84.27371664,40.82358338,
,103594,290,,,-84.28175255,40.83754329,
,103595,239,,,-84.28034774,40.80008644,
,103596,239,,,-84.27170878,40.79803749,
,103597,216,,,-84.3099829,40.73247728,
,103598,231,,,-84.30254981,40.76497249,
,103599,232,,,-84.32131867,40.75162401,
,103600,228,,,-84.25707102,40.76556367,
,103601,213,,,-84.23294907,40.75115877,
,103602,229,,,-84.23319498,40.76693871,
,103603,231,,,-84.28077895,40.74360466,
,103604,213,,,-84.27572314,40.74364012,
,103605,210,,,-84.28025773,40.70030976,
,103606,209,,,-84.24208163,40.70066012,
,103607,293,,,-84.24918455,40.82848384,
,103608,231,,,-84.28110591,40.76520958,
,103609,228,,,-84.26668797,40.76542264,
,103612,242,,,-84.35882356,40.7575273,
,103613,244,,,-84.35890052,40.77192925,
,103614,231,,,-84.31783476,40.74264752,
,103615,232,,,-84.31911873,40.76496243,
,103616,233,,,-84.2811318,40.78693849,
,103617,230,,,-84.26691786,40.78707555,
,103618,231,,,-84.28103694,40.75795061,
,103619,227,,,-84.24256806,40.75844274,
,103620,227,,,-84.24272602,40.76578671,
,103621,240,,,-84.28222065,40.81634537,
,103622,237,,,-84.27204569,40.81632641,
,103623,291,,,-84.28184952,40.84337227,
,103624,292,,,-84.26264056,40.84464733,
,103625,212,,,-84.28058588,40.7291197,
,103626,212,,,-84.26141797,40.72921075,
,103627,289,,,-84.28184361,40.82366234,
,103628,290,,,-84.27478164,40.82358237,
,103629,212,,,-84.28028877,40.70754972,
,103630,261,,,-84.3501243,40.852396,
,103631,232,,,-84.33400065,40.73609348,
,103632,232,,,-84.33396066,40.76401937,
,103633,231,,,-84.28096798,40.75073364,
,103634,213,,,-84.26164608,40.75087371,
,103635,212,,,-84.26128287,40.71035379,
,103636,289,,,-84.28185162,40.82203335,
,103637,284,,,-84.27256768,40.8177124,
,103638,0,,,-84.35332031,40.84708401,
,103639,214,,,-84.28018166,40.6858008,
,103640,254,,,-84.34631034,40.84372104,
,103641,215,,,-84.28575675,40.70755176,
,103642,231,,,-84.28096098,40.75044864,
,103643,252,,,-84.34935333,40.84371103,
,103644,291,,,-84.28176054,40.83777829,
,103645,293,,,-84.2627396,40.83781336,
,103646,293,,,-84.2627386,40.83759836,
,103647,242,,,-84.35886458,40.75037032,
,103648,253,,,-84.34631934,40.84264505,
,103649,223,,,-84.35555068,40.70946644,
,103650,218,,,-84.31842754,40.69290978,
,103651,161,,,-84.22392733,40.79089797,
,103652,224,,,-84.37767931,40.69952948,
,103653,239,,,-84.25106153,40.79326767,
,103654,225,,,-84.35930039,40.69966961,
,103655,218,,,-84.34906044,40.69965763,
,103656,214,,,-84.29930761,40.6930357,
,103657,214,,,-84.29942568,40.70755464,
,103658,237,,,-84.26249412,40.80680543,
,103659,241,,,-84.34268564,40.75773136,
,103660,218,,,-84.34242446,40.69964957,
,103661,218,,,-84.31848557,40.70015163,
,103662,218,,,-84.36460832,40.68866251,
,103663,218,,,-84.35876139,40.69966948,
,103664,226,,,-84.3490935,40.7166285,
,103665,241,,,-84.33898863,40.73605347,
,103666,226,,,-84.35884053,40.73591139,
,103667,219,,,-84.34575548,40.70721862,
,103668,219,,,-84.34291749,40.70725263,
,103669,210,,,-84.2801897,40.69295591,
,103670,232,,,-84.33382429,40.74934003,
,103671,242,,,-84.37287069,40.7574788,
,103672,0,,,-84.36468231,40.68501556,
,103674,242,,,-84.35890556,40.74314636,
,103676,226,,,-84.35880351,40.7286895,
,103678,243,,,-84.34949667,40.76768725,
,103679,255,,,-84.34423212,40.84266191,
,103680,252,,,-84.34929342,40.84313066,
,103681,0,,,-84.39702535,40.73583324,
,103682,226,,,-84.38759839,40.73585428,
,103683,225,,,-84.38254634,40.71408941,
,103684,225,,,-84.36827941,40.71408251,
,103687,253,,,-84.34781921,40.84369454,
,103688,225,,,-84.38734632,40.71409137,
,103689,253,,,-84.34785524,40.84262847,
,103690,226,,,-84.35860045,40.71421551,
,103691,221,,,-84.34903149,40.71415353,
,103692,255,,,-84.34432292,40.84371606,
,103693,254,,,-84.34631467,40.84553748,
,103694,252,,,-84.34939535,40.84530927,
,103695,219,,,-84.35520343,40.70518661,
,103696,219,,,-84.35464844,40.70628547,
,103697,219,,,-84.35339845,40.70875952,
,103698,223,,,-84.35301246,40.70973548,
,103699,221,,,-84.35003046,40.70779653,
,103700,262,,,-84.3480621,40.84710039,
,103701,219,,,-84.35775041,40.70125962,
,103702,222,,,-84.3580874,40.70072957,
,103703,252,,,-84.34930933,40.84261303,
,103704,0,,,-84.3183685,40.68565675,
,103705,0,,,-84.29924758,40.68570277,
,103706,215,,,-84.31855263,40.71468061,
,103707,215,,,-84.31892673,40.73607754,
,103708,215,,,-84.30634075,40.72890555,
,103709,215,,,-84.31464875,40.73609756,
,103710,216,,,-84.30949781,40.74340955,
,103711,217,,,-84.3184886,40.70747167,
,103712,214,,,-84.30357767,40.7075367,
,103713,217,,,-84.31854162,40.71323258,
,103714,217,,,-84.33723652,40.70732858,
,103715,252,,,-84.34932733,40.84226404,
,103716,252,,,-84.35142733,40.84131603,
,103717,215,,,-84.29947472,40.71465469,
,103718,212,,,-84.28043983,40.7184728,
,103719,214,,,-84.29122372,40.7075527,
,103720,216,,,-84.29351474,40.7290255,
,103721,216,,,-84.28071337,40.73647932,
,103722,241,,,-84.33985163,40.76399435,
,103723,289,,,-84.28678542,40.82951144,
,103724,285,,,-84.30105352,40.83078125,
,103725,247,,,-84.34645743,40.81604614,
,103726,247,,,-84.34017245,40.81606316,
,103727,245,,,-84.34950447,40.80110118,
,103728,240,,,-84.33485253,40.80091924,
,103729,243,,,-84.34950254,40.77943426,
,103730,243,,,-84.33993658,40.7796163,
,103731,240,,,-84.32012352,40.81615423,
,103732,284,,,-84.32007846,40.83000918,
,103733,240,,,-84.31054055,40.81620727,
,103734,284,,,-84.31053948,40.8342642,
,103735,289,,,-84.28626058,40.82770831,
,103736,289,,,-84.28995053,40.83628027,
,103737,289,,,-84.29165555,40.83053028,
,103738,284,,,-84.29147057,40.8262333,
,103739,270,,,-84.34036536,40.84272807,
,103740,283,,,-84.33499044,40.82323116,
,103741,282,,,-84.33502142,40.83069613,
,103742,265,,,-84.34039834,40.84722605,
,103743,262,,,-84.34465283,40.84715334,
,103744,256,,,-84.34278921,40.84608396,
,103745,259,,,-84.34228855,40.84432134,
,103746,0,,,-84.37864232,40.81595102,
,103747,0,,,-84.35947639,40.81603509,
,103748,244,,,-84.37830542,40.77934915,
,103749,246,,,-84.37846636,40.80120508,
,103750,246,,,-84.35908543,40.80105215,
,103751,244,,,-84.37094545,40.77935218,
,103753,248,,,-84.38781432,40.80117604,
,103754,244,,,-84.3589395,40.77925422,
,103756,0,,,-84.38799229,40.81592099,
,103758,248,,,-84.38396034,40.80118805,
,103759,247,,,-84.34993942,40.81603613,
,103760,243,,,-84.3345946,40.77924532,
,103761,233,,,-84.30778372,40.77941642,
,103762,233,,,-84.29237475,40.78679445,
,103763,239,,,-84.2920237,40.79761941,
,103764,232,,,-84.30979477,40.76496847,
,103765,234,,,-84.31879664,40.78662735,
,103767,233,,,-84.30938272,40.77803442,
,103768,234,,,-84.30233571,40.78666541,
,103771,240,,,-84.31913052,40.81617424,
,103772,234,,,-84.33473258,40.78651229,
,103773,245,,,-84.33485554,40.79730725,
,103774,232,,,-84.33398466,40.76468437,
,103775,243,,,-84.3347656,40.77972832,
,103776,240,,,-84.33489047,40.81605818,
,103777,231,,,-84.30008082,40.76497351,
,103778,258,,,-84.34230132,40.84319007,
,103779,233,,,-84.28996976,40.78682446,
,103780,233,,,-84.28103386,40.77437054,
,103781,233,,,-84.28101887,40.77249255,
,103783,284,,,-84.30092158,40.81628031,
,103784,284,,,-84.29168858,40.82357131,
,103785,240,,,-84.30972156,40.81621127,
,103786,240,,,-84.28963969,40.8032334,
,103787,239,,,-84.29000669,40.8017284,
,103788,290,,,-84.2749939,40.82968038,
,103789,290,,,-84.2628366,40.82955888,
,103790,290,,,-84.26817064,40.82364526,
,103791,286,,,-84.3200114,40.84675312,
,103792,287,,,-84.31186142,40.84693215,
,103793,284,,,-84.32006345,40.83482117,
,103794,286,,,-84.31981043,40.83926315,
,103795,285,,,-84.31053947,40.8350372,
,103796,0,,,-84.32956133,40.85938104,
,103797,288,,,-84.31993235,40.85863408,
,103798,288,,,-84.31017441,40.84964015,
,103799,0,,,-84.32105235,40.85963207,
,103800,0,,,-84.32123435,40.85944807,
,103801,288,,,-84.32012835,40.85845608,
,103802,288,,,-84.3115944,40.85054014,
,103803,265,,,-84.32950937,40.84672509,
,103804,287,,,-84.32435639,40.84650811,
,103805,280,,,-84.33137841,40.83585812,
,103806,280,,,-84.32609143,40.83525414,
,103807,274,,,-84.32937139,40.8433061,
,103808,286,,,-84.32386441,40.84107913,
,103809,286,,,-84.32270942,40.84058414,
,103810,268,,,-84.33967636,40.84375706,
,103811,265,,,-84.33978535,40.84713905,
,103812,278,,,-84.33573937,40.84278408,
,103813,263,,,-84.33979532,40.85524502,
,103814,211,,,-84.22311336,40.72350755,
,103815,269,,,-84.33707056,40.84378763,
,103816,278,,,-84.33574737,40.84377608,
,103817,273,,,-84.33700837,40.84274908,
,103818,280,,,-84.3350224,40.83582011,
,103819,280,,,-84.33499893,40.83665632,
,103820,279,,,-84.33963238,40.83678009,
,103821,279,,,-84.33966537,40.84070508,
,103822,262,,,-84.34195517,40.84717878,
,103823,272,,,-84.33967236,40.84186807,
,103824,268,,,-84.34037236,40.84374006,
,103825,270,,,-84.33967836,40.84273207,
,103826,259,,,-84.34168218,40.845052,
,103827,282,,,-84.3350044,40.83494111,
,103828,265,,,-84.33328736,40.84716408,
,103829,265,,,-84.32964978,40.85361429,
,103830,0,,,-84.3397953,40.85929801,
,103831,286,,,-84.32093743,40.83977714,
,103832,287,,,-84.32323039,40.84665511,
,103833,303,,,-84.09584377,40.81998182,
,103834,291,,,-84.2872525,40.84365725,
,103835,288,,,-84.29541841,40.85960716,
,103836,288,,,-84.29018049,40.84442523,
,103837,288,,,-84.30310544,40.84698618,
,103838,285,,,-84.30108051,40.83374324,
,103839,288,,,-84.30771743,40.84732016,
,103840,288,,,-84.30380245,40.84361919,
,103841,288,,,-84.29852549,40.83955223,
,103842,288,,,-84.29054652,40.83778926,
,103843,288,,,-84.30801343,40.84721016,
,103844,286,,,-84.30475445,40.84409319,
,103845,289,,,-84.2960745,40.83825824,
,103846,288,,,-84.29037952,40.83751426,
,103847,288,,,-84.30557344,40.84695217,
,103848,287,,,-84.30953443,40.84692416,
,103849,285,,,-84.30849148,40.83418221,
,103850,302,,,-84.08541746,40.83195244,
,103851,258,,,-84.34162496,40.8437251,
,103852,321,,,-83.97610487,40.85265236,
,103853,287,,,-84.30816143,40.84694016,
,103854,288,,,-84.30696143,40.84693817,
,103855,288,,,-84.2890375,40.84411624,
,103856,288,,,-84.29099251,40.83931725,
,103857,291,,,-84.28183754,40.83931628,
,103858,0,,,-84.26113674,40.6858939,
,103859,210,,,-84.25153079,40.68708399,
,103860,210,,,-84.25168092,40.71109191,
,103861,209,,,-84.23239977,40.69128494,
,103862,211,,,-84.23264588,40.71276983,
,103863,209,,,-84.24193878,40.689244,
,103864,212,,,-84.2422599,40.71119495,
,103865,0,,,-84.24188976,40.68592891,
,103866,0,,,-84.25713676,40.68591396,
,103867,257,,,-84.34159724,40.84269281,
,103868,260,,,-84.34104057,40.84607827,
,103869,259,,,-84.34097148,40.84430896,
,103870,211,,,-84.242327,40.72931882,
,103871,228,,,-84.2426601,40.75117177,
,103872,212,,,-84.25194201,40.72925481,
,103873,213,,,-84.2569441,40.75094073,
,103874,293,,,-84.26269468,40.82359542,
,103875,293,,,-84.2531517,40.82534244,
,103876,293,,,-84.25320663,40.83679039,
,103877,293,,,-84.22909765,40.82384046,
,103878,293,,,-84.2292396,40.83376442,
,103879,294,,,-84.21463561,40.82365746,
,103880,294,,,-84.20869557,40.82647945,
,103881,294,,,-84.20520752,40.83472442,
,103882,297,,,-84.16655041,40.83125043,
,103883,293,,,-84.24366965,40.83094943,
,103884,295,,,-84.21956855,40.8370884,
,103885,295,,,-84.2052055,40.8383744,
,103886,293,,,-84.24339174,40.81649549,
,103887,295,,,-84.2246815,40.84899035,
,103888,295,,,-84.20805743,40.85249534,
,103889,294,,,-84.18176946,40.83113643,
,103890,294,,,-84.20499557,40.82504846,
,103891,294,,,-84.20121253,40.83100343,
,103892,295,,,-84.22072356,40.83611341,
,103893,294,,,-84.20523652,40.83496042,
,103894,294,,,-84.22098456,40.83587041,
,103895,236,,,-84.26141372,40.81636645,
,103896,236,,,-84.24336178,40.80928152,
,103897,239,,,-84.25756685,40.79473955,
,103898,258,,,-84.34094112,40.84317836,
,103899,229,,,-84.24286098,40.77305367,
,103900,239,,,-84.24724289,40.79244459,
,103901,235,,,-84.24313088,40.7908246,
,103902,230,,,-84.2573769,40.78722958,
,103903,229,,,-84.2430779,40.78740561,
,103904,237,,,-84.2433418,40.80448554,
,103905,238,,,-84.26223081,40.79958451,
,103906,238,,,-84.25759885,40.79600254,
,103907,239,,,-84.2430769,40.78827061,
,103908,237,,,-84.26259473,40.81325846,
,103909,0,,,-84.35166734,40.84710985,
,103910,261,,,-84.34989714,40.85006678,
,103911,265,,,-84.33978931,40.85093339,
,103912,239,,,-84.25480287,40.79409456,
,103913,238,,,-84.27173969,40.81551541,
,103914,237,,,-84.26949769,40.81632242,
,103915,236,,,-84.26267671,40.81635844,
,103916,229,,,-84.23342787,40.78753162,
,103917,227,,,-84.242805,40.76944169,
,103918,229,,,-84.2415399,40.78744461,
,103919,266,,,-84.33973285,40.84611057,
,103920,236,,,-84.22899469,40.81654049,
,103921,293,,,-84.23388271,40.81652549,
,103922,293,,,-84.22439863,40.82390046,
,103923,292,,,-84.26273652,40.8524783,
,103924,322,,,-83.99487362,40.87576108,
,103925,329,,,-83.90773295,40.89944609,
,103926,328,,,-83.90029446,40.90287025,
,103927,292,,,-84.25315659,40.84474636,
,103928,292,,,-84.24372657,40.84646336,
,103929,292,,,-84.26282648,40.85976727,
,103930,292,,,-84.25319963,40.83786639,
,103931,293,,,-84.23086258,40.8378484,
,103932,293,,,-84.25320863,40.83763739,
,103933,293,,,-84.23080258,40.8376144,
,103934,292,,,-84.25315462,40.83880938,
,103935,293,,,-84.23032158,40.83658241,
,103936,292,,,-84.23103258,40.8383734,
,103937,292,,,-84.23900155,40.84739136,
,103938,330,,,-83.90013907,40.89639202,
,103939,292,,,-84.23424753,40.84798936,
,103940,294,,,-84.22210357,40.83487641,
,103941,294,,,-84.20515757,40.82441946,
,103942,295,,,-84.18636435,40.85601932,
,103943,336,,,-83.89177563,40.89570366,
,103944,337,,,-83.89563475,40.89206676,
,103945,268,,,-84.33968651,40.84438336,
,103946,270,,,-84.33965468,40.84319663,
,103947,337,,,-83.89878055,40.88984058,
,103948,295,,,-84.19592835,40.8595623,
,103949,296,,,-84.18549143,40.83997039,
,103950,295,,,-84.18363045,40.83518741,
,103951,294,,,-84.18350145,40.83494442,
,103952,295,,,-84.20545013,40.85093307,
,103953,296,,,-84.18481043,40.8382554,
,103954,295,,,-84.20546742,40.85197034,
,103955,295,,,-84.19464842,40.84772636,
,103956,295,,,-84.1873504,40.84537037,
,103957,295,,,-84.1866694,40.84515637,
,103958,296,,,-84.1859424,40.84499337,
,103959,295,,,-84.20549342,40.85328433,
,103960,296,,,-84.1854994,40.84487237,
,103961,294,,,-84.18342945,40.83506242,
,103962,297,,,-84.18219346,40.83219043,
,103963,267,,,-84.33714828,40.84612704,
,103964,296,,,-84.18592641,40.84274238,
,103965,269,,,-84.33710358,40.84445857,
,103966,271,,,-84.33702379,40.84321381,
,103967,267,,,-84.33584857,40.84614712,
,103968,274,,,-84.33577012,40.84437338,
,103969,278,,,-84.33573772,40.84316315,
,103970,295,,,-84.18744633,40.8596233,
,103971,297,,,-84.1665234,40.83467542,
,103972,296,,,-84.16658538,40.8373174,
,103973,296,,,-84.17986739,40.84352337,
,103974,273,,,-84.33841884,40.8427103,
,103975,310,,,-84.02800192,40.84668435,
,103976,310,,,-84.01363587,40.84687235,
,103977,274,,,-84.33484737,40.84517519,
,103978,73,,,-84.01326716,40.68056686,
,103979,308,,,-84.02811379,40.87566718,
,103980,308,,,-84.01389874,40.87596217,
,103981,73,,,-84.00349211,40.66591574,
,103982,91,,,-84.02261113,40.65350484,
,103983,91,,,-84.01307011,40.65312179,
,103984,356,,,-83.98485821,40.74576191,
,103985,355,,,-83.98506416,40.76400784,
,103986,356,,,-83.97534619,40.74588389,
,103987,355,,,-83.97550414,40.76391983,
,103988,355,,,-83.96105414,40.75320586,
,103989,355,,,-83.9611441,40.7639868,
,103990,351,,,-83.92773903,40.76115176,
,103991,350,,,-83.92770498,40.7756267,
,103992,351,,,-83.90855899,40.76127272,
,103993,350,,,-83.90859194,40.77579267,
,103994,311,,,-84.02795898,40.83216044,
,103995,311,,,-84.01367694,40.83230044,
,103996,308,,,-84.02802585,40.86122226,
,103997,310,,,-84.01369681,40.86135026,
,103998,354,,,-83.95161309,40.76210179,
,103999,275,,,-84.32383643,40.84531818,
,104000,352,,,-83.95157406,40.76793477,
,104001,352,,,-83.93733806,40.76094577,
,104002,350,,,-83.93728503,40.76828774,
,104003,286,,,-84.32364492,40.84189771,
,104004,358,,,-83.908517,40.73228667,
,104005,352,,,-83.94521108,40.75999379,
,104006,311,,,-84.02806802,40.82477148,
,104007,312,,,-84.01361297,40.82484249,
,104008,311,,,-84.02811202,40.82451648,
,104009,311,,,-84.01361297,40.82460349,
,104010,301,,,-84.08426809,40.84638036,
,104011,338,,,-83.89997408,40.88527833,
,104012,302,,,-84.07106514,40.82700547,
,104013,302,,,-84.07107011,40.83205044,
,104014,311,,,-84.02795401,40.82575048,
,104015,306,,,-84.07392285,40.89015011,
,104016,337,,,-83.89667677,40.88981924,
,104017,305,,,-84.07205091,40.87553919,
,104018,335,,,-83.89161608,40.89102195,
,104019,305,,,-84.07478796,40.86825823,
,104020,302,,,-84.09066718,40.83190844,
,104021,304,,,-84.07723914,40.83202944,
,104022,303,,,-84.05182508,40.82753846,
,104023,303,,,-84.05183706,40.83211244,
,104024,305,,,-84.09038503,40.86105527,
,104025,305,,,-84.077754,40.86108227,
,104026,298,,,-84.13640934,40.82829745,
,104027,298,,,-84.13720133,40.83006244,
,104028,302,,,-84.09330122,40.82570947,
,104029,302,,,-84.09117118,40.83075544,
,104030,301,,,-84.09017517,40.83300243,
,104031,297,,,-84.14138735,40.82844445,
,104032,297,,,-84.14025435,40.82794545,
,104033,303,,,-84.08751921,40.82433148,
,104034,303,,,-84.07110415,40.82449648,
,104035,303,,,-84.08801421,40.82416648,
,104036,303,,,-84.07109215,40.82426748,
,104037,300,,,-84.13177034,40.82582446,
,104038,300,,,-84.09946024,40.82432148,
,104039,300,,,-84.13089334,40.82539747,
,104040,300,,,-84.10091425,40.82407648,
,104041,297,,,-84.13448935,40.82390448,
,104042,298,,,-84.13609534,40.82706046,
,104043,297,,,-84.13612034,40.82681446,
,104044,297,,,-84.13507435,40.82529247,
,104045,297,,,-84.13575734,40.82684846,
,104046,303,,,-84.09462723,40.82266749,
,104047,303,,,-84.09400923,40.82413148,
,104048,300,,,-84.09406523,40.82434748,
,104049,303,,,-84.09402823,40.82424348,
,104050,298,,,-84.13799125,40.84578636,
,104051,345,,,-83.96631927,40.77432629,
,104052,354,,,-83.95148993,40.76015338,
,104053,353,,,-83.93735874,40.75368561,
,104054,298,,,-84.13779633,40.83145644,
,104055,299,,,-84.10928024,40.83173343,
,104056,298,,,-84.13976033,40.83204043,
,104057,378,,,-83.99424687,40.75494723,
,104058,301,,,-84.09979021,40.83182344,
,104059,301,,,-84.08744613,40.8392184,
,104060,302,,,-84.09212018,40.83189543,
,104061,357,,,-83.96886931,40.73139504,
,104062,372,,,-83.90386551,40.67593884,
,104063,372,,,-83.89332728,40.65545975,
,104064,303,,,-84.05195309,40.82494848,
,104065,303,,,-84.05193209,40.82471948,
,104066,303,,,-84.0518081,40.82231449,
,104067,303,,,-84.06819314,40.82451248,
,104068,303,,,-84.0559211,40.82465948,
,104069,303,,,-84.06755314,40.82429248,
,104070,303,,,-84.05763211,40.82432248,
,104071,303,,,-84.07099115,40.82439148,
,104072,311,,,-84.05179609,40.82482048,
,104073,311,,,-84.02795302,40.82356549,
,104074,281,,,-84.33690381,40.83664875,
,104075,304,,,-84.05190199,40.84654235,
,104076,308,,,-84.02806982,40.86847422,
,104077,306,,,-84.05206082,40.88264514,
,104078,308,,,-84.02815975,40.88298713,
,104079,306,,,-84.05193989,40.86831423,
,104080,306,,,-84.05191292,40.86111527,
,104081,306,,,-84.05198886,40.87410519,
,104082,306,,,-84.07117898,40.86109627,
,104083,305,,,-84.07223988,40.88277515,
,104084,306,,,-84.07399985,40.89041911,
,104086,362,,,-83.93755099,40.68080173,
,104087,367,,,-83.98385712,40.69625676,
,104088,365,,,-83.97853214,40.71356485,
,104089,366,,,-83.97099109,40.69257386,
,104090,364,,,-83.96143508,40.70603781,
,104091,364,,,-83.95666707,40.70605681,
,104092,364,,,-83.93755203,40.7062237,
,104094,364,,,-83.93758599,40.68807465,
,104096,362,,,-83.91829897,40.70273376,
,104098,355,,,-83.96104015,40.74610086,
,104099,356,,,-83.94236211,40.74631582,
,104100,365,,,-83.95667209,40.71699175,
,104101,364,,,-83.93756905,40.71715177,
,104102,370,,,-83.961319,40.65869874,
,104103,371,,,-83.94235996,40.65891063,
,104104,369,,,-83.95977098,40.65158361,
,104105,369,,,-83.93595593,40.65173754,
,104106,361,,,-83.90648791,40.68107171,
,104108,370,,,-83.96149503,40.6772717,
,104109,357,,,-83.96095813,40.73148186,
,104110,357,,,-83.93758007,40.73184771,
,104111,363,,,-83.92107798,40.70475464,
,104112,367,,,-83.9795431,40.69287183,
,104113,368,,,-83.97568404,40.66178166,
,104114,73,,,-84.00362014,40.68311785,
,104115,367,,,-83.9782621,40.69123881,
,104116,91,,,-84.00042709,40.6585867,
,104118,367,,,-83.97579706,40.67324374,
,104119,367,,,-83.98127711,40.69494672,
,104121,368,,,-83.97565504,40.65873478,
,104122,91,,,-83.99415006,40.65131078,
,104123,368,,,-83.97558402,40.65148171,
,104124,91,,,-84.00114908,40.65255679,
,104125,368,,,-83.97562503,40.65574777,
,104127,367,,,-83.97594809,40.68842884,
,104128,366,,,-83.9776851,40.69416676,
,104130,367,,,-83.9798701,40.69326383,
,104131,366,,,-83.9787501,40.69372671,
,104133,367,,,-83.98054611,40.69407277,
,104138,365,,,-83.97585514,40.71683092,
,104139,357,,,-83.97589716,40.73128987,
,104140,357,,,-83.98482818,40.73118089,
,104141,365,,,-83.97598514,40.71667183,
,104143,365,,,-83.96627511,40.71691278,
,104146,356,,,-83.96103915,40.74581986,
,104148,369,,,-83.93740394,40.65341258,
,104149,372,,,-83.93747296,40.66627959,
,104151,372,,,-83.91886689,40.65193264,
,104152,372,,,-83.91835489,40.65193756,
,104155,372,,,-83.89932885,40.65200461,
,104157,351,,,-83.92484106,40.74661379,
,104158,360,,,-83.92620802,40.71726379,
,104159,360,,,-83.918516,40.71728272,
,104160,357,,,-83.93434106,40.73187283,
,104161,351,,,-83.92289702,40.76113875,
,104162,362,,,-83.92921801,40.70633277,
,104163,360,,,-83.92419401,40.71364477,
,104164,363,,,-83.92372399,40.70640379,
,104165,360,,,-83.92103899,40.71098866,
,104166,358,,,-83.93728809,40.74638181,
,104167,358,,,-83.93837508,40.7391308,
,104168,354,,,-83.9485611,40.75820481,
,104169,351,,,-83.93257505,40.76104776,
,104170,354,,,-83.94860409,40.7601298,
,104171,322,,,-83.97631167,40.8765342,
,104173,322,,,-83.9762277,40.86932024,
,104175,347,,,-83.95177889,40.81168156,
,104176,347,,,-83.93742886,40.81190155,
,104177,312,,,-83.99459391,40.82621148,
,104178,312,,,-83.99464188,40.83274544,
,104181,346,,,-83.95161899,40.78623368,
,104182,347,,,-83.95168482,40.79180756,
,104183,314,,,-83.95184182,40.82852348,
,104184,318,,,-83.95190581,40.83331245,
,104185,341,,,-83.90886075,40.8263155,
,104186,341,,,-83.90893572,40.83396647,
,104187,342,,,-83.89919273,40.82750749,
,104188,318,,,-83.95152281,40.83332045,
,104189,312,,,-84.01360797,40.82555648,
,104190,323,,,-83.95366058,40.89140117,
,104191,323,,,-83.94790357,40.89149018,
,104192,323,,,-83.9570387,40.86229531,
,104193,323,,,-83.94744068,40.86246332,
,104194,346,,,-83.956415,40.78619768,
,104195,341,,,-83.93739679,40.82876948,
,104196,341,,,-83.93754277,40.83361146,
,104197,355,,,-83.9629021,40.7649108,
,104198,352,,,-83.95157306,40.76824277,
,104199,314,,,-83.96166585,40.82600749,
,104200,318,,,-83.95417981,40.83210346,
,104201,315,,,-83.97579787,40.82884647,
,104202,315,,,-83.97584885,40.83290444,
,104203,341,,,-83.91848173,40.83747845,
,104204,317,,,-83.97547187,40.82778747,
,104205,317,,,-83.96387084,40.82929347,
,104206,320,,,-83.95405375,40.84647639,
,104207,320,,,-83.93824369,40.85646236,
,104208,318,,,-83.96105084,40.82891647,
,104209,318,,,-83.95716583,40.82912447,
,104210,314,,,-83.95129082,40.82871048,
,104211,319,,,-83.95387975,40.84632239,
,104212,319,,,-83.93820569,40.85623136,
,104213,314,,,-83.95820784,40.82712948,
,104214,314,,,-83.95126682,40.82848248,
,104215,317,,,-83.97546287,40.82758148,
,104216,317,,,-83.96333484,40.82930747,
,104217,318,,,-83.95068682,40.82888948,
,104218,318,,,-83.95589382,40.83054947,
,104219,317,,,-83.96212485,40.82613549,
,104220,344,,,-83.98040304,40.78924469,
,104221,49,,,-83.99449498,40.81081657,
,104222,344,,,-83.97577894,40.81092157,
,104224,345,,,-83.9851191,40.77915475,
,104226,345,,,-83.97563406,40.78273572,
,104227,344,,,-83.97149602,40.78931668,
,104228,344,,,-83.974,40.79655364,
,104229,313,,,-83.98874293,40.81962852,
,104230,313,,,-83.9834129,40.8236495,
,104231,355,,,-83.97882114,40.76395083,
,104232,315,,,-83.9878549,40.82540648,
,104233,315,,,-83.98159388,40.82756947,
,104234,315,,,-83.9883319,40.82497949,
,104235,317,,,-83.97559588,40.82506349,
,104236,315,,,-83.98869591,40.82474449,
,104237,317,,,-83.97554588,40.82482849,
,104238,315,,,-83.9877939,40.82518749,
,104239,315,,,-83.98237189,40.82727048,
,104240,311,,,-83.99957495,40.81942352,
,104241,49,,,-84.00007299,40.81069958,
,104242,313,,,-83.99444996,40.81514455,
,104244,312,,,-83.99731092,40.82494649,
,104245,311,,,-83.99734392,40.82469249,
,104247,313,,,-83.99449694,40.81953852,
,104248,311,,,-83.99455893,40.8223025,
,104250,311,,,-83.98940191,40.82447049,
,104251,312,,,-83.99457692,40.82493549,
,104252,311,,,-83.99460492,40.82469849,
,104254,311,,,-83.98919491,40.82431849,
,104255,311,,,-83.99660795,40.81953152,
,104256,313,,,-83.99482894,40.81953252,
,104259,311,,,-83.99457392,40.82388049,
,104261,345,,,-83.96960004,40.78383471,
,104262,355,,,-83.9627221,40.76400181,
,104264,347,,,-83.96132591,40.81144256,
,104266,313,,,-83.97576691,40.81841852,
,104267,317,,,-83.97040487,40.82512449,
,104268,314,,,-83.97569288,40.82434349,
,104270,317,,,-83.97571688,40.82638848,
,104273,317,,,-83.97570688,40.82494249,
,104274,317,,,-83.97572487,40.82767347,
,104275,347,,,-83.9566389,40.81158956,
,104279,321,,,-83.99470682,40.84747235,
,104280,312,,,-83.99484476,40.86170426,
,104281,320,,,-83.95691974,40.85132136,
,104282,315,,,-83.98536687,40.83282344,
,104283,315,,,-83.97832285,40.83288345,
,104284,308,,,-84.01368579,40.86485724,
,104285,322,,,-83.99485576,40.86207826,
,104286,322,,,-83.97616973,40.86207928,
,104287,321,,,-83.97588283,40.83655142,
,104296,319,,,-83.95206776,40.8437974,
,104297,319,,,-83.95363875,40.84653939,
,104298,319,,,-83.95208315,40.84553322,
,104299,317,,,-83.96937484,40.83304745,
,104300,317,,,-83.96626482,40.83659643,
,104301,320,,,-83.95691976,40.84585139,
,104302,317,,,-83.96624683,40.83311245,
,104303,320,,,-83.95843978,40.8431304,
,104304,318,,,-83.95826578,40.8429664,
,104305,317,,,-83.96974484,40.83303945,
,104306,316,,,-83.97455385,40.83293345,
,104307,318,,,-83.95865982,40.83323345,
,104308,318,,,-83.95977582,40.83321545,
,104309,318,,,-83.96147182,40.83322345,
,104310,318,,,-83.95787981,40.83318545,
,104311,318,,,-83.96107481,40.83699443,
,104312,318,,,-83.96137981,40.83685843,
,104313,317,,,-83.96305383,40.83316345,
,104314,317,,,-83.96160682,40.83337245,
,104315,318,,,-83.96136282,40.83335645,
,104316,318,,,-83.95437414,40.83304331,
,104317,318,,,-83.95433181,40.83331345,
,104318,348,,,-83.91835582,40.81213955,
,104319,349,,,-83.9183039,40.79230662,
,104320,349,,,-83.90864287,40.79464561,
,104321,348,,,-83.9087228,40.81224854,
,104322,349,,,-83.93731895,40.78789666,
,104323,341,,,-83.9373728,40.82874248,
,104324,343,,,-83.9373898,40.82851048,
,104325,341,,,-83.90886675,40.8260185,
,104326,346,,,-83.95158604,40.77321574,
,104327,350,,,-83.93724601,40.77375072,
,104328,350,,,-83.92980198,40.7756107,
,104329,343,,,-83.93745283,40.81903652,
,104331,341,,,-83.9373688,40.82853248,
,104332,314,,,-83.94870282,40.82877648,
,104335,342,,,-83.89919473,40.82713549,
,104337,339,,,-83.91289957,40.87752531,
,104338,341,,,-83.91855169,40.84834641,
,104339,340,,,-83.91875464,40.86289736,
,104340,319,,,-83.9378577,40.85467037,
,104341,341,,,-83.91845774,40.83380647,
,104342,338,,,-83.8946815,40.8912673,
,104343,340,,,-83.93034065,40.86278134,
,104344,320,,,-83.93788068,40.85844635,
,104345,339,,,-83.93795767,40.86262833,
,104346,320,,,-83.93417766,40.86147834,
,104347,339,,,-83.93529966,40.86266634,
,104348,339,,,-83.93182271,40.86276737,
,104349,339,,,-83.9189146,40.87285032,
,104350,340,,,-83.91860161,40.86927333,
,104351,341,,,-83.93507368,40.85903735,
,104352,320,,,-83.93096865,40.86250134,
,104353,340,,,-83.90446455,40.87984432,
,104354,341,,,-83.93478067,40.85901235,
,104355,341,,,-83.93065966,40.86244534,
,104356,340,,,-83.90417955,40.87970332,
,104357,320,,,-83.93787869,40.85671236,
,104359,323,,,-83.93819061,40.87709027,
,104360,323,,,-83.93809064,40.8698663,
,104362,323,,,-83.93807264,40.8688593,
,104363,339,,,-83.93166865,40.86311334,
,104364,339,,,-83.92246661,40.87009032,
,104366,340,,,-83.89982754,40.88013033,
,104367,340,,,-83.89985156,40.87659734,
,104368,339,,,-83.90327853,40.8847823,
,104369,337,,,-83.90003852,40.8872453,
,104370,340,,,-83.89979254,40.88102532,
,104371,340,,,-83.90011153,40.88248932,
,104372,340,,,-83.90001854,40.88227032,
,104373,338,,,-83.89980253,40.88320532,
,104374,340,,,-83.89982654,40.88246432,
,104375,340,,,-83.89983454,40.88062633,
,104376,337,,,-83.89841351,40.8884653,
,104379,306,,,-84.06411179,40.89728906,
,104380,306,,,-84.05265272,40.90464801,
,104381,306,,,-84.07030877,40.90455002,
,104382,306,,,-84.07125278,40.90249904,
,104385,325,,,-83.93775149,40.90856913,
,104387,324,,,-83.97615948,40.91991296,
,104389,326,,,-83.93774344,40.92008408,
,104393,326,,,-83.89957144,40.90988423,
,104394,333,,,-83.88043245,40.89890731,
,104395,348,,,-83.88012977,40.80559956,
,104396,0,,,-83.88025262,40.84884744,
,104397,340,,,-83.88034652,40.87792137,
,104398,340,,,-83.88034051,40.88098336,
,104400,375,,,-83.88031049,40.88688906,
,104401,340,,,-83.88034451,40.88142136,
,104402,333,,,-83.88042744,40.90190931,
,104404,333,,,-83.88042844,40.90122031,
,104405,289,,,-84.29168637,40.83109809,
,104408,335,,,-83.89175774,40.8934296,
,104409,335,,,-83.89027048,40.89231363,
,104410,336,,,-83.89280194,40.89413937,
,104411,376,,,-83.87160646,40.89242935,
,104412,0,,,-83.87893809,40.90296678,
,104413,0,,,-83.88030657,40.8634724,
,104414,0,,,-83.87852731,40.8634665,
,104415,0,,,-83.8777598,40.83429471,
,104417,0,,,-83.8772491,40.82775545,
,104420,0,,,-83.87513606,40.77623539,
,104421,0,,,-83.87501809,40.76169411,
,104422,0,,,-83.87644526,40.74700306,
,104423,0,,,-83.87546492,40.73247146,
,104424,363,,,-83.92107919,40.70648969,
,104425,362,,,-83.91858524,40.70273206,
,104426,251,,,-84.34645291,40.84165246,
,104427,376,,,-83.86912246,40.89245736,
,104428,377,,,-83.86517645,40.89249637,
,104429,377,,,-83.86244345,40.89253837,
,104430,377,,,-83.86064745,40.89253037,
,104431,377,,,-83.87024647,40.88976636,
,104432,377,,,-83.87173647,40.88890736,
,104433,0,,,-83.86344944,40.89512736,
,104434,0,,,-83.86437344,40.89472836,
,104435,0,,,-83.86177871,40.89625143,
,104436,0,,,-83.86209385,40.89632716,
,104438,63,,,-84.07518346,40.73062493,
,104439,75,,,-84.10201078,40.73721342,
,104440,9,,,-84.10224319,40.73738208,
,104441,140,,,-84.14497486,40.75188864,
,104442,208,,,-84.14565896,40.7542964,
,104443,62,,,-84.07710481,40.71715639,
,104444,69,,,-84.07329011,40.71691199,
,104445,120,,,-84.16408536,40.72260859,
,104446,192,,,-84.16464926,40.73352812,
,104447,120,,,-84.16404263,40.72084486,
